ABACK, ABASE, ABASH, ABATE, ABBES, ABBEY, ABBOT, ABEAM, ABETS, ABHOR, ABIDE, ABLED, ABLER, ABLES*, ABODE, ABOIL, ABORT, ABOUT, ABOVE, ABUSE, ABUTS, ABUZZ, ABYSM, ABYSS, ACERB, ACHED, ACHES, ACHOO, ACIDS, ACIDY, ACING, ACMES, ACNED, ACNES*, ACOIN*, ACORN, ACRED, ACRES, ACRID, ACTED, ACTIN, ACTOR, ACUTE, ADAGE, ADAPT, ADDED, ADDER, ADDLE, ADDUM, ADEPT, ADIEU, ADIOS*, ADITS, ADMAN, ADMEN, ADMIN, ADMIT, ADOBE, ADOPT, ADORE, ADORN, ADOZE, ADULT, AEGIS, AEONS*, AERIE, AFFIX, AFIRE, AFOOT, AFORE, AFOUL, AFRIT, AFROS, AFTER, AGAIN, AGAPE, AGATE, AGAVE, AGAZE, AGENT, AGERS*, AGGRO, AGILE, AGING, AGIST, AGLEE, AGLEY, AGLOW, AGONE, AGONY, AGORA, AGREE, AHEAD, AHEMS, AHOLD, AIDED, AIDER, AIDES, AILED, AIMED, AIMER, AINUS, AIOLI, AIRED, AIRER, AISLE, AITCH, ALACK, ALAMO, ALARM, ALATE, ALBUM, ALDER, ALERT, ALGAE, ALGAS, ALGIN, ALIAS, ALIBI, ALIEN, ALIGN, ALIKE, ALINE, ALIVE, ALLAY, ALLEY, ALLOT, ALLOW, ALLOY, ALOES*, ALOFT, ALONE, ALONG, ALOOF, ALOUD, ALPHA, ALTAR, ALTER, ALTHO, ALTOS, ALWAY, AMASS, AMAZE, AMBER, AMBLE, AMEND, AMENS, AMENT, AMICE, AMICI, AMIDE, AMIDS, AMIES, AMIGO, AMINE*, AMINO, AMISH, AMISS, AMITY, AMONG, AMORT, AMOUR, AMPED, AMPLE, AMPLY, AMUCK, AMUSE, ANENT, ANGEL, ANGER, ANGLE, ANGLO, ANGRY, ANGST, ANILE, ANIMA, ANIMO, ANION, ANISE, ANKHS, ANKLE, ANNAL, ANNEX, ANNOY, ANNUL, ANNUM, ANODE, ANOLE, ANOMY, ANTED*, ANTES, ANTIC, ANTIS, ANTRA, ANTRE, ANTSY, ANVIL, AORTA, APACE, APART, APEAK, APEEK, APERS*, APERY, APHID, APHIS, APIAN, APING, APISH, APNEA, APORT, APPAL, APPLE, APPLY, APRIL, APRON, APSES, APTER, APTLY, AQUAE, ARBOR, ARCED, ARDOR, AREAL, AREAS, ARENA, ARETE, ARGLE, ARGON, ARGOT, ARGUE, ARIAS, ARIEL, ARIES, ARISE, ARMED, ARMER, ARMOR, AROMA, AROSE, ARRAY, ARROW, ARSON, ARTSY, ASCOT, ASHED, ASHEN, ASHES, ASIDE, ASKED, ASKER, ASKEW, ASPEN, ASPER*, ASPIC, ASSAM, ASSAY, ASSET, ASTER, ASTIR, ASYNC, ATAXY, ATILT, ATLAS, ATMAN, ATOLL, ATOMS, ATOMY, ATONE, ATRIA, ATRIP, ATTAR, ATTIC, AUDIO, AUDIT, AUGER, AUGHT, AUGUR, AUNTS, AUNTY, AURAL, AURAS, AURIC, AURUM, AUTOS, AUTRE, AUXIN, AVAIL, AVAST, AVERS*, AVERT, AVIAN, AVION, AVISO, AVOID, AVOWS, AWAIT, AWAKE, AWARD, AWARE, AWASH, AWAYS, AWFUL, AWING, AWNED, AWOKE, AWOLS, AXELS, AXIAL, AXING, AXIOM, AXLED, AXLES, AXMAN, AXMEN, AXONS, AZURE, 

BABEL, BABES, BABKA, BABOO, BACKS, BACON, BADDY, BADGE, BADLY, BAGEL, BAGGY, BAHTS, BAILS, BAIRN, BAITS, BAIZE, BAKED, BAKER, BAKES, BALDS, BALED, BALER, BALES, BALKS, BALKY, BALLS, BALLY, BALMS, BALMY, BALSA, BANAL, BANCO, BANDS, BANDY, BANED, BANES, BANGS, BANJO, BANKS, BARBS, BARDS, BARED, BARER, BARES, BARFS, BARGE, BARIC, BARKS, BARKY, BARMY, BARNS, BARNY, BARON, BARRE*, BASAL, BASED, BASER, BASES, BASIC, BASIL, BASIN, BASIS, BASKS, BASSI, BASSY, BASTE, BASTS, BATCH, BATED, BATES, BATHE, BATHS, BATON, BATTY, BAUDS, BAULK, BAWDY, BAWLS, BAYED, BAYOU, BEACH, BEADS, BEADY, BEAKS, BEAKY, BEAMS, BEAMY, BEANO, BEANS, BEARD, BEARS, BEAST, BEATS, BEAUS, BEAUT, BECKS, BEDEW, BEDIM, BEECH, BEEFS, BEEFY, BEEPS, BEERS, BEERY, BEETS, BEFIT, BEFOG, BEGAN, BEGAT, BEGET, BEGIN, BEGOT, BEGUN, BEIGE, BEIGY, BEING, BELAY, BELCH, BELIE, BELLE, BELLS, BELLY, BELOW, BELTS, BEMAS, BENCH, BENDS, BENDY, BENTS, BERET, BERGS, BERMS, BERRY, BERTH, BERYL, BESET, BESOM, BESOT, BESTS, BETAS, BETEL, BETTA, BETTY, BEVEL, BEWIG, BEZEL, BIBLE, BIDED, BIDER, BIDES, BIDET, BIERS, BIGLY, BIGOT, BIJOU, BIKED, BIKER, BIKES, BILBO, BILES, BILGE, BILGY, BILLS, BILLY, BINAL, BINDS, BINES, BINGE, BINGO, BIOME, BIOTA, BIPED, BIPOD, BIRCH, BIRDS, BIRDY, BIRTH, BISON, BITER, BITES, BITSY, BLABS, BLACK, BLADE, BLAIN, BLAME, BLANC, BLAND, BLANK, BLARE, BLASE, BLAST, BLATS, BLAZE, BLEAK, BLEAR, BLEAT, BLEED, BLEEP, BLEND, BLESS, BLEST*, BLIMP, BLIMY, BLIND, BLING, BLINK, BLIPS, BLISS, BLITZ, BLOAT, BLOBS, BLOCK, BLOGS, BLOKE, BLOND, BLOOD, BLOOM, BLOOP, BLOTS, BLOWN, BLOWS, BLOWY, BLUED, BLUER, BLUES, BLUET, BLUFF, BLUNT, BLURB, BLURS, BLURT, BLUSH, BOARD, BOARS, BOAST, BOATS, BOBBY, BODED, BODES, BOERS, BOGEY, BOGGY, BOGIE, BOGLE, BOGUS, BOILS, BOING, BOISE, BOLES, BOLOS, BOLTS, BOLUS, BOMBE, BOMBS, BONDS, BONES, BONEY, BONGO, BONGS, BONUS, BOOED, BOOKS, BOOMS, BOOMY, BOONS, BOORS, BOOST, BOOTH, BOOTS, BOOTY, BOOZE, BOOZY, BORAX, BORED, BORES, BORIC*, BORNE, BORON, BORTS, BOSOM, BOSON, BOSSY, BOSUN, BOTCH, BOUGH, BOULE, BOUND, BOUTS, BOWED, BOWEL, BOWER, BOWIE, BOWLS, BOXED, BOXER, BOXES, BRACE, BRACT, BRAGS, BRAID, BRAIL, BRAIN, BRAKE, BRAND, BRANS, BRASH, BRASS, BRATS, BRAVE, BRAVO, BRAWL*, BRAWN, BRAYS, BRAZE, BREAD, BREAK, BREAM, BREDE, BREED, BRENT, BREVE, BREWS, BRIAR, BRIBE, BRICK, BRIDE, BRIEF, BRIER, BRIES, BRIGS, BRILL, BRIMS, BRINE, BRING, BRINK, BRINY, BRISK, BRITH, BROAD, BROCK, BROIL, BROKE, BRONC*, BROOD, BROOK, BROOM, BROTH, BROWN, BROWS, BRUIN, BRUIT, BRUNT, BRUSH, BRUSK, BRUTE, BUCKO, BUCKS, BUDDY, BUDGE, BUFFS, BUFFY, BUGGY, BUGLE, BUILD, BUILT, BULBS, BULGE, BULGY, BULKS, BULKY, BULLS, BULLY, BUMPS, BUMPY, BUNCH, BUNCO, BUNDS, BUNDT, BUNGS, BUNKO, BUNKS, BUNNY, BUNTS, BUOYS, BURGH, BURGS, BURIN, BURLS, BURLY, BURMA, BURNS, BURNT, BURPS, BURRO, BURRS, BURSA, BURSE, BURST, BUSBYM BUSED, BUSES, BUSHY, BUSTS, BUSTY, BUTCH, BUTTE, BUTTS, BUTYL, BUXOM, BUYER, BYLAW, BYRES, BYTES, BYWAY, 

CABAL, CABBY, CABER, CABIN, CABLE, CABOB, CABOT, CACAO, CACHE, CACTI, CADDY, CADES, CADET, CADGE*, CADRE*, CAFES, CAGED, CAGER, CAGES, CAGEY, CAINS, CAIRN, CAIRO, CAJON, CAKED, CAKES, CAKEY, CALFS, CALKS, CALLS, CALMS, CALVE, CALYX, CAMEL, CAMEO, CAMPO, CAMPS, CAMPY, CANAL, CANDY, CANED, CANER, CANES, CANNY, CANOE, CANON, CANST, CANTO, CANTS*, CANTY, CAPED, CAPER, CAPES, CAPON, CAPPY, CAPUT, CARAT, CARBO, CARDS, CARED, CARER, CARES, CARET, CARGO, CARNY, CAROB, CAROL, CAROM, CARPE, CARPI, CARPS, CARRY, CARTE, CARTS, CARVE, CASED, CASES, CASKS, CASTE, CASTS, CATCH, CATER, CATTY, CAULK, CAULS, CAUSE, CAVED, CAVER, CAVES, CAWED, CEASE, CECAL, CEDAR, CEDED, CEDER*, CEDES, CEILS, CELLI, CELLO, CELLS, CELTS, CENTO, CENTS, CERIA, CHADS, CHAFE, CHAIN, CHAIR, CHALK, CHAMP, CHAMS, CHANG, CHANT, CHAOS, CHAPS, CHARD, CHARE, CHARM, CHARS, CHART, CHARY, CHASE, CHASM, CHATS, CHEAP, CHEAT, CHECK, CHEEK, CHEEP, CHEER, CHEFS, CHERT, CHESS, CHEST, CHEWS, CHEWY, CHIAS, CHICK, CHICO, CHICS, CHIDE, CHIEF, CHIEL, CHILD, CHILE, CHILI, CHILL, CHIME, CHIMP,  CHINA, CHINE, CHINK*, CHINO, CHINS, CHIPS, CHIRK, CHIRP, CHITS, CHIVE, CHOCK, CHOIR, CHOKE, CHOKY, CHOMP, CHOPS, CHORD, CHORE, CHOSE, CHOWS, CHUBS, CHUCK, CHUGS, CHUMP, CHUMS, CHUNK, CHURN, CHUTE, CIDER, CIGAR, CILIA, CINCH, CIRCA, CITED, CITER, CITES, CIVET, CIVIL, CLACK, CLADS, CLAGS, CLAIM, CLAIR*, CLAMP, CLAMS, CLANG, CLANK, CLANS, CLAPS, CLARK, CLASH, CLASP, CLASS, CLAVE, CLAWS, CLAYS, CLEAN, CLEAR, CLEAT, CLEFS, CLEFT, CLERK, CLICK, CLIFF, CLIMB, CLIME, CLINE, CLING, CLINK, CLIPS, CLOAK, CLOCK, CLODS, CLOGS, CLOMB, CLOMP, CLONE, CLONK, CLOPS, CLOSE, CLOTH, CLOTS, CLOUD, CLOUT, CLOVE, CLOWN, CLOYS, CLUBS, CLUED, CLUES, CLUMP, CLUNG, CLUNK, COACH, COACT, COALS, COAST, COATI, COATS, COBRA, COCKY, COCOA, CODAL, CODEC, CODED, CODER, CODES, CODEX, CODON, COHOS, COIFS, COIGN, COILS, COINS, COIRS, COKED, COKES*, COLAS, COLDS, COLES, COLIC*, COLIN, COLLY, COLON, COLOR, COLTS, COMAS, COMBE, COMBO, COMBS, COMER, COMES, COMET, COMFY, COMIC, COMMA, COMMO, COMPS, CONCH, CONDO, CONED, CONES, CONEY, CONGA, CONGO, CONIC, CONKS, CONKY, CONTE, COOED, COOEE, COOER, COOEY, COOKS, COOLS, COOLY, COOMB, COOPS, COOPT, COOTS, COPAL, COPED, COPER, COPES, COPRA, COPSE, CORAL, CORDS, CORED, CORER, CORES, CORGI, CORKS, CORKY, CORNS, CORNY, COSET, COSEY, COSIE, COSMO, COSTS, COTAN, COTED, COTES, COTTA, COUCH, COUGH, COULD, COUNT, COUPE, COUPS, COURT, COUTH, COVED, COVEN, COVER, COVES, COVET, COVEY, COWED, COWER, COWLS, COYER, CRAAL, CRABS, CRACK, CRAFT, CRAGS, CRAMP, CRAMS, CRANE, CRANK, CRAPE*, CRAPS, CRASH, CRASS, CRATE, CRAVE, CRAWL, CRAWS, CRAZE, CRAZY, CREAK, CREAM, CREDO, CREED, CREEK, CREEL, CREEP, CREME, CREPE, CREPT, CRESS, CREST, CREWS, CRIBS, CRICK, CRIED, CRIER, CRIES, CRIME, CRIMP, CRISP, CROAK, CROCK, CROFT, CRONE, CRONY, CROOK, CROON, CROPS, CROSS, CROUP, CROWD, CROWN, CROWS, CRUDE, CRUDS, CRUEL, CRUET, CRUMB, CRUMP, CRUSE, CRUSH, CRUST, CRYPT, CUBBY, CUBED, CUBER, CUBES, CUBIC, CUDDY, CUFFS, CUING, CULLS, CULTS, CUMIN, CUPID, CURBS, CURDS, CURDY, CURED, CURER, CURES, CURIA, CURIE, CURIO, CURLS, CURLY, CURRY, CURSE, CURST, CURVE, CURVY, CUSHY, CUSPS, CUTER, CUTES, CUTEY, CUTIE, CUTIN, CYANS, CYBER, CYCLE, CYCLO, CYNIC, CYSTS, CZARS,

DACES, DADAS, DADDY, DAGOS, DAILY, DAIRY, DAISY, DALES, DALLY, DAMES, DAMNS, DAMPS, DANCE, DANDY, DANES, DANGS, DARED, DARER, DARES, DARKS, DARNS, DARTS, DASHY, DATED, DATER, DATES, DATUM, DAUBS, DAUBY, DAUNT, DAWNS, DAZED, DAZES, DEADS, DEAIR, DEALS, DEALT, DEANS, DEARS, DEARY, DEASH,DEATH, DEBAR*, DEBIT, DEBTS, DEBUG, DEBUT, DECAL, DECAY, DECKS, DECOR, DECOY, DECRY, DEEDS, DEEDY, DEEMS, DEEPS, DEERS, DEFAT, DEFER, DEFOG, DEICE, DEIFY, DEIGN, DEISM, DEIST, DEITY, DELAY, DELFT, DELHI, DELIS*, DELLS, DELLY, DELTA, DELVE, DEMIT, DEMOB, DEMON, DEMOS, DEMUR, DENIM, DENSE, DENTS, DEPOT, DEPTH, DERAY, DERBY, DERMA, DERMS, DESEX, DESKS, DETER, DEUCE, DEVAS, DEVIL, DEVON, DEWAX, DEWED, DEXES, DHOWS, DIALS, DIARY, DICED, DICER, DICES, DICEY, DICOT, DICTA, DIETS, DIGIT, DIKER, DILLS, DILLY, DIMER, DIMES, DIMLY, DINAR, DINED, DINER, DINES, DINGO, DINGS, DINGY, DINKY, DINTS, DIODE, DIRER, DIRGE, DIRKS, DIRTS, DIRTY, DISCO, DISCS, DISHY, DISKS, DITCH, DITES, DITTO, DITTY, DIVAN, DIVAS, DIVED, DIVER, DIVES, DIVOT, DIVVY, DIXIE, DIZZY, DJINN, DOCKS, DODGE, DODGY, DODOS, DOERS, DOEST, DOETH, DOFFS, DOGES, DOGEY, DOGGO, DOGGY, DOGIE, DOGMA, DOILY, DOING, DOLCE, DOLCI, DOLED, DOLES, DOLLS, DOLLY, DOLTS, DOMED, DOMES, DONEE, DONGS, DONOR, DONUT, DOOMS, DOORS, DOPED, DOPER, DOPES, DOPEY, DORIC, DORMS, DORSA*, DOSED, DOSER, DOSES, DOTED, DOTER, DOTES, DOTTY, DOUBT, DOUCE, DOUGH, DOUSE, DOVER, DOVES, DOWDY, DOWEL, DOWER, DOWNS, DOWRY, DOWSE, DOXIE, DOYEN, DOZED, DOZEN, DOZER, DOZES, DRABS, DRAFT, DRAGS, DRAIN, DRAKE, DRAMA, DRAMS, DRANK, DRAPE, DRATS, DRAVE, DRAWL, DRAWN, DRAWS, DRAYS, DREAD, DREAM, DREAR, DRECK, DREGS*, DREKS, DRESS, DRIBS, DRIED, DRIER, DRIES*, DRIFT, DRILL, DRILY, DRINK, DRIPS, DRIVE, DROLL, DRONE, DROOL, DROOP, DROPS, DROSS, DROVE, DROWN, DRUBS, DRUGS, DRUID, DRUMS, DRUNK, DRYER, DUALS, DUCAL, DUCAT, DUCES, DUCKS, DUCTS, DUDES, DUELS, DUETS, DUFFS, DUKED, DUKES, DULLS, DULLY, DUMBS, DUMPS, DUMPY, DUNCE, DUNES, DUNGS, DUNKS, DUPED, DUPER, DUPES, DURAL, DUSKY, DUSTS, DUSTY, DUTCH, DUVET, DWARF, DWELL, DWELT, DYERS, DYING, DYNES, 

EAGER, EAGLE, EARED, EARLS, EARLY, EARNS, EARTH, EASED, EASEL, EASER, EASES, EASTS*, EATEN, EATER, EAVED, EAVES, EBBED, EBONS, EBONY, ECLAT, ECRUS, EDEMA, EDGED, EDGER, EDGES, EDICT, EDIFY, EDITS, EDUCE, EDUCT*, EERIE, EGADS, EGGED, EGGER, EGRET, EIDER*, EIDOS, EIGHT, EJECT, EKING, ELAND, ELANS, ELATE, ELBOW, ELDER, ELECT, ELEGY, ELFIN, ELITE, ELOPE, ELSES, ELUDE, ELVER*, ELVES*, EMAIL, EMBED, EMBER, EMEND, EMERY, EMIRS, EMITS, EMOTE, EMPTY, ENACT, ENATE*, ENDED, ENDER, ENDOW, ENDUE, ENEMA, ENEMY, ENJOY, ENNUI, ENROL, ENSKY, ENSUE, ENTER, ENTRE, ENTRY, ENURE, ENVOY, EPEES, EPICS, EPOCH, EPODE, EPOXY, EPSOM, EQUAL, EQUIP, ERASE, ERECT, ERGOT, ERICA*, ERODE, EROSE, ERRED, ERROR, ERUCT, ERUPT, ESSAY, ESTER*, ESTOP, ETAPE, ETHEL, ETHER, ETHIC, ETHOS, ETHYL, ETNAS, ETUDE, EUROS, EVADE, EVENS, EVENT, EVERT*, EVERY, EVICT, EVILS, EVOKE, EWERS, EXACT, EXALT, EXAMS, EXCEL, EXERT, EXILE, EXIST, EXITS, EXPEL, EXTOL, EXTRA, EXUDE, EXULT, EYERS, EYING, EYRIE,

FABLE, FACED, FACER, FACES, FACET, FACIA, FACTO, FACTS, FADED, FADER, FADES, FAERY, FAILS, FAINT, FAIRE, FAIRS, FAIRY, FAITH, FAKED, FAKER, FAKES, FALLS, FALSE, FAMED, FAMES, FANCY, FANES, FANGS, FANNY, FARAD, FARCE, FARCY, FARED, FARER, FARES, FARMS, FAROS, FARTS, FASTS, FATAL, FATED, FATES, FATLY, FATSO, FATTY, FAULT, FAUNA, FAUNS, FAUST, FAVOR, FAWNS, FAXED, FAXES, FAZED, FAZES, FEARS, FEAST, FEATS, FECAL, FEEDS, FEELS, FEIGN, FEINT, FEIST*, FELLA, FELON, FELTS, FEMUR, FENCE, FENDS, FERAL, FERNS, FERNY, FERRY, FESTS, FETAL, FETAS, FETCH, FETED, FETES, FETID, FETUS, FEUDS, FEVER, FEWER, FEYER, FIATS, FIBER, FIBRE, FICHE, FICUS, FIDEL, FIEFS, FIELD, FIEND, FIERY, FIFED, FIFER, FIFTH, FIFTY, FIGGY, FIGHT, FILCH, FILED, FILER, FILES, FILET, FILLS, FILLY, FILMS, FILMY, FILTH, FINAL, FINCH, FINDS, FINED, FINER, FINES, FINNY, FIORD, FIRED, FIRER, FIRES, FIRMS, FIRST, FIRTH, FISHY, FISTS, FITLY, FIVER, FIVES, FIXED, FIXER, FIXES, FIZZY, FJORD, FLABS, FLACK, FLAGS, FLAIL, FLAIR, FLAKE, FLAKY, FLAME, FLANK, FLANS, FLAPS, FLARE, FLASH, FLASK, FLATS, FLAWS, FLAWY, FLAYS, FLEAS, FLECK, FLEER*, FLEES, FLEET, FLESH, FLICK, FLIED, FLIER, FLING, FLINT, FLIPS, FLIRT, FLITE, FLITS, FLOAT, FLOCK, FLOES, FLOGS, FLOOD, FLOOR, FLOPS, FLORA, FLOSS, FLOUR, FLOUT, FLOWN, FLOWS, FLOWY, FLUBS, FLUED, FLUES, FLUFF, FLUID, FLUKE, FLUKY, FLUME, FLUNG, FLUNK, FLUOR, FLUSH, FLUTE, FLYER, FOALS, FOAMS, FOAMY, FOCAL, FOCUS, FOGEY, FOGGY, FOGIE, FOILS, FOIST, FOLDS, FOLIA, FOLIC, FOLIO, FOLKS, FOLLY, FONDS, FONDU, FONTS, FOODS, FOOLS, FORAY, FORCE, FORDS*, FORES*, FORGE, FORGO, FORKS, FORKY, FORMS, FORTE, FORTH, FORTS, FORTY, FORUM, FOULS, FOUND, FOUNT, FOURS, FOVEA, FOWLS, FOXED, FOXES, FOYER, FRAGS, FRAIL, FRAME, FRANC, FRANK, FRAUD, FRAYS, FREAK, FREED, FREER, FREES, FREON, FRESH, FRETS, FRIAR, FRIED, FRIER, FRIES, FRILL, FRISK, FRIZZ, FROCK, FROES, FROGS, FROND, FRONT, FROST, FROTH, FROWN, FROZE, FRUIT, FRUMP, FRYER, FUDGE, FUELS, FUGUE, FULLS, FULLY, FUMED, FUMER, FUMES, FUNDS, FUNGI, FUNKS, FUNKY, FUNNY, FURLS, FURRY, FURZE, FUSED, FUSEE, FUSEL, FUSES, FUSIL, FUSSY, FUSTY, FUTON, FUZED, FUZES, FUZZY, 

GABBY, GABLE, GAFFE, GAGED, GAGER, GAGES, GAILY, GAINS*, GAITS, GALES, GALLS, GALLY, GALOP, GAMED, GAMER, GAMES, GAMEY, GAMIN*, GAMMA, GAMUT, GANGS, GAOLS, GAPED, GAPER, GAPES, GAPPY, GARBS, GARDE, GARTH, GASES, GASPS, GASSY, GATED, GATES, GATOR, GAUDY, GAUGE, GAUNT, GAUZE, GAUZY, GAVEL, GAWKS, GAWKY, GAYER, GAYLY, GAZED, GAZER, GAZES, GEARS, GECKO, GEEKS, GEEKY, GEESE, GELDS, GELID, GENAL, GENES, GENIC, GENIE, GENII, GENOA, GENRE, GENUS, GEODE, GERMS, GERMY, GETUP, GHAST, GHOST, GHOUL, GIANT, GIBED, GIBER, GIBES, GIDDY, GIFTS, GIGAS, GIGUE, GILDS, GILLS, GILLY, GILTS*, GIMPY, GINKS, GINNY, GIPSY, GIRDS, GIRLS, GIRLY, GIRNS, GIROS, GIRTH, GIRTS, GISMO, GISTS, GIVEN, GIVER, GIVES, GIZMO, GLACE, GLADE, GLADY, GLAND, GLANS, GLARE, GLARY, GLASS, GLAZE, GLAZY, GLEAM, GLEAN, GLEES, GLENS, GLIDE, GLIMS, GLINT, GLOAT, GLOBE, GLOBS, GLOOM, GLORY, GLOSS, GLOVE, GLOWS, GLOWY, GLUED, GLUER, GLUES, GLUEY, GLUTE*, GLUTS, GLYPH, GNARL, GNASH, GNATS, GNAWN, GNAWS, GNOME, GOADS, GOALS, GOATS, GODLY, GOERS, GOFER, GOING, GOLDS, GOLEM, GOLFS, GOLLY, GONAD, GONER, GONGS, GOODS, GOODY, GOOEY, GOOFS, GOOFY, GOONS, GOONY, GOOPS, GOOPY, GOOSE, GOOSY, GORED, GORES, GORGE, GORSE, GORSY, GOTHS, GOUDA, GOUGE, GOURD, GOUTS, GOUTY, GOWNS, GRABS, GRACE, GRADE, GRAFT, GRAIL, GRAIN, GRAMP, GRAMS, GRAND, GRANS*, GRANT, GRAPE, GRAPH, GRASP, GRASS, GRATE, GRAVE, GRAVY, GRAYS, GRAZE, GREAT, GREED, GREEN, GREET, GREYS, GRIDS, GRIEF, GRIFT, GRILL, GRIME, GRIMY, GRIND, GRINS, GRIOT, GRIPE, GRIPS, GRIPY, GRIST, GRITS, GROAN, GROAT, GROIN, GROOM, GROPE, GROSS, GROUP, GROUT, GROVE, GROWL, GROWN, GROWS, GRUBS, GRUEL, GRUFF, GRUMP, GRUNT, GUANO*, GUARD, GUAVA, GUESS, GUEST, GUIDE, GUILD, GUILE, GUILT, GUISE, GULFS, GULLS, GULLY, GULPS, GULPY, GUMBO, GUMMY, GUNKS, GUNKY, GUNNY, GUPPY, GURUS, GUSHY, GUSTO*, GUSTS, GUSTY, GUTSY, GUTTY, GUYED, GYRED, GYRES, GYROS,

HABIT, HACKS, HADES, HAFTS, HAIKU, HAILS, HAIRS, HAIRY, HAKES, HALED, HALER, HALES, HALLO, HALLS, HALOS, HALTS, HALVE, HAMMY, HANDS, HANDY, HANGS, HANKS, HANKY, HANOI, HAPPY, HARDS*, HARDY, HARED, HAREM, HARES, HARKS, HARMS, HARPS, HARPY, HARRY, HARSH, HARTS, HASPS, HASTE, HASTY, HATCH, HATED, HATER, HATES, HAULS, HAUNT, HAUTE, HAVEN, HAVER, HAVES*, HAVOC, HAWED*, HAWKS, HAYED, HAYER, HAZED, HAZEL, HAZER, HAZES, HEADS, HEADY, HEALS, HEAPS, HEARD, HEARS, HEART, HEATH, HEATS, HEAVE, HEAVY, HECKS, HEDGE, HEEDS, HEELS, HEFTS, HEFTY, HEIGH, HEILS, HEIRS, HEIST, HELIX, HELLO, HELLS, HELMS, HELOT, HELPS, HEMPS, HENCE, HENNA, HERBS, HERBY, HERDS, HERES, HERON, HEROS, HERTZ, HEWED, HEWER*, HEXED, HEXER, HEXES, HICKS, HIDER*, HIDES, HIGHS, HIKED, HIKER, HIKES, HILLS, HILLY, HILTS, HINDS, HINGE, HINTS, HIPPO, HIPPY, HIRED, HIRER, HIRES, HITCH, HIVED, HIVES, HOARD, HOARY, HOBOS, HOCKS, HOCUS, HOERS, HOISE, HOIST, HOKEY, HOLDS, HOLED, HOLER, HOLES, HOLEY, HOLLY, HOLTS, HOMED, HOMER, HOMES, HOMEY, HOMOS, HONDA, HONED, HONER, HONES, HONEY, HONKS, HONOR, HOOCH, HOODS, HOOEY, HOOFS, HOOKA, HOOKS, HOOKY, HOOPS, HOOTS, HOPED, HOPER, HOPES, HOPPY, HORAL*, HORDE, HORNS, HORNY, HORSE, HORSY, HOSED, HOSES, HOSTS, HOTEL, HOTLY, HOUND, HOURS, HOUSE, HOVER, HOWDY, HOWLS, HUBBY, HUCKS, HUFFS, HUGER, HULAS, HULKS, HULKY, HULLS, HUMAN, HUMID, HUMOR, HUMPS, HUMPY, HUNCH, HUNKS, HUNKY, HUNTS, HURLS, HURRY, HURTS, HUSKS, HUSKY, HUSSY, HUTCH, HYDRA, HYDRO, HYENA, HYMEN, HYMNS, HYPED, HYPER, HYPES, HYPOS, HYSON, 

IAMBS, ICHOR, ICIER, ICILY, ICING, ICONS, IDEAL, IDEAS, IDIOM, IDIOT, IDLED, IDLER, IDLES*, IDOLS, IDYLL, IDYLS, IGLOO, ILEAL, ILEUM, ILIAD, ILIUM, ILLER*, IMAGE, IMBED, IMBUE, IMPED, IMPEL, IMPER*, IMPLY, INANE, INAPT, INARM, INBOX, INCOG, INCUR, INDEX, INDOW, INDUE, INEPT, INERT, INFER, INFIX, INFRA, INGLE, INGOT, INKED, INKER, INKLE, INLAY, INLET, INNED, INNER, INPUT, INSET, INTER, INTRA, INURE*, INURN, IODIN, IONIC, IOTAS, IRATE, IRING, IRKED, IRONS, IRONY, ISLED*, ISLES, ISLET*, ISSUE, ISTLE, ITCHY, ITEMS, IVIED, IVIES, IVORY, 

JACAL, JACKS, JADED, JADES, JAGGY, JAILS, JAMBS, JAMMY, JANES, JAPED, JAPER, JAUNT, JAWED, JAZZY, JEANS, JEERS, JELLY, JERKS, JERKY, JESTS, JEWEL, JIBED, JIBER, JIMMY, JINGO, JIVED, JOCKS, JOEYS, JOHNS, JOINS, JOINT, JOIST, JOKER, JOKES, JOLLY, JOLTS, JOLTY, JOULE, JOUST, JOWLS, JOWLY, JOYED, JUDGE, JUICE, JUICY, JUKED, JUMPS, JUMPY, JUNKS, JUNTA, JUROR, JUSTS, JUTES,

KALES, KANJI, KAPPA, KAPUT, KARAT, KARMA, KARTS, KAYAK, KAZOO, KEBAB, KEELS, KEENS, KEEPS, KEFIR, KELPS, KELPY, KELTS, KENDO, KENOS, KERBS, KERNS, KERRY, KEYED, KHAKI, KICKS, KIDDO, KIDDY, KILLS, KILNS, KILOS, KILTS, KILTY, KINDS, KINGS, KINKS, KINKY, KIOSK, KITED, KITER, KITES, KNACK, KNAVE, KNEAD, KNEED, KNEEL, KNEES, KNELT, KNIFE, KNITS, KNOBS, KNOCK, KNOTS, KNOWN, KNOWS, KOALA, KODAK, KOLAS, KOOKY, KORAN, KRAAL, KRAFT, KRAUT, KRILL, KRONE, 

LABEL, LABOR, LACED, LACER, LACES, LACEY, LACKS, LADED, LADEN, LADER, LADES*, LADLE, LAGER, LAIRD, LAIRS, LAITY, LAKED, LAKER*, LAKES, LAMAS, LAMBS, LAMED, LAMER, LAMES, LAMIA, LAMPS, LANAI, LANCE, LANDS, LANES, LANKY, LAPEL, LAPIN, LAPSE, LARCH, LARDS, LARDY, LARES*, LARGE, LARKS, LARKY, LARVA, LASED, LASER, LASES, LASSO, LASTS, LATCH, LATED*, LATEN*, LATER*, LATEX, LATHE, LATHS, LATKE, LATTE, LAUDS, LAUGH, LAURA, LAVAS, LAVED, LAVER, LAVES, LAWED, LAWNS, LAWNY, LAXER, LAXLY, LAYED, LAYER, LAZED, LAZES, LEACH, LEADS, LEADY, LEAFS, LEAFY, LEAKS, LEAKY, LEANS, LEANT, LEAPS, LEAPT, LEARN, LEARY, LEASE, LEASH, LEAST, LEAVE, LEDGE, LEDGY, LEECH, LEEKS, LEERS, LEERY, LEFTS, LEFTY, LEGAL, LEGER, LEGGY, LEGIT, LEMON, LEMUR, LENDS, LENSE, LENTO, LEPER, LETCH, LETHE, LETUP, LEVEE, LEVEL, LEVER, LEWIS, LIANA, LIARS, LIBEL*, LIBER, LIBRA*, LIBRE, LIBYA, LICIT, LICKS, LIDAR, LIDOS, LIEGE, LIENS*, LIERS*, LIFER, LIFTS, LIGER, LIGHT, LIKED, LIKEN, LIKER, LIKES, LILAC, LILTS, LIMAS, LIMBO, LIMBS, LIMBY, LIMED, LIMES, LIMEY, LIMIT, LIMOS, LIMPS, LINAC, LINED, LINEN, LINER, LINES, LINEY, LINGO, LINKS, LINKY, LINOS, LINTS, LINTY, LIONS, LIPID, LIPPY, LIRAS, LISPS, LISTS, LITER, LITES*, LITHE, LITHO, LITRE*, LIVED, LIVEN, LIVER, LIVES, LIVID, LLAMA, LLANO, LOACH, LOADS, LOAFS, LOAMS, LOAMY, LOANS, LOATH*, LOBBY, LOBED, LOBES, LOCAL, LOCHS, LOCKS, LOCOS, LOCUS, LODEN, LODES, LODGE, LOFTS, LOFTY, LOGAN, LOGES, LOGGY, LOGIA, LOGIC, LOGIN, LOGON, LOGOS, LOINS, LOLLY, LONER, LONGS, LOOFA, LOOKS, LOOMS, LOONS, LOONY, LOOPS, LOOPY, LOOSE, LOOTS, LOPED*, LOPER*, LOPES*, LOPPY*, LORDS, LORES, LORIS, LORRY, LOSER, LOSES, LOTTO, LOTUS, LOUPE, LOUSE, LOUSY, LOUTS*, LOVED, LOVER, LOVES, LOVEY, LOWED, LOWER, LOWLY, LOYAL, LUAUS, LUBES, LUCID, LUCKS, LUCKY, LUFFS, LUGES, LUMEN, LUMPS, LUMPY, LUNAR, LUNAS, LUNCH, LUNES, LUNGE, LUNGS, LUNKS, LUPIN, LUPUS, LURCH, LURED, LURER*, LURES, LURID, LURKS, LUSTS, LUSTY, LUTED, LUTES, LYING, LYMPH, LYNCH, LYRES, LYRIC, LYSED, 

MACAW, MACED, MACER*, MACES, MACHO, MACHS, MACKS, MACRO, MADAM, MADLY, MADRE, MAFIA, MAGES, MAGIC, MAGMA, MAGUS, MAIDS, MAILS, MAIMS, MAINS, MAIZE, MAJOR, MAKER, MAKES, MALES, MALLS, MALTA, MALTS, MALTY, MAMAS, MAMBA, MAMBO, MAMIE, MAMMA, MANAS, MANED*, MANES, MANGE, MANGO, MANGY, MANIA, MANIC, MANLY, MANNA, MANOR, MANOS, MANSE, MANTA, MAPLE, MARCH, MARDI, MARES, MARIA, MARKS, MARRY, MARSE, MARSH, MARTS, MASER, MASHY, MASKS, MASON, MASSE*, MASTS, MATCH, MATED, MATER, MATES, MATEY, MATHS, MATIN, MATTE, MATTS, MAULS, MAUVE, MAVEN, MAXED, MAXIM, MAYAN, MAYBE, MAYOR, MAYST, MAZED, MAZER, MAZES, MEADS, MEALS, MEALY, MEANS, MEANT, MEANY, MEATS, MEATY, MEDAL, MEDIA, MEDIC, MEEDS, MEETS, MELBA, MELDS, MELEE, MELON, MELTS, MELTY, MEMOS, MENDS, MENUS, MEOWS, MERCI, MERCY, MEREL, MERER, MERES, MERGE, MERIT, MERRY, MESAS, MESHY, MESON, MESSY, METAL, METED*, METER, METES*, METRE*, METRO, MEWED, MEWLS, MIAOU, MIASM, MICAS, MICRA*, MICRO, MIDAS, MIDIS, MIDST, MIFFS, MIGHT, MIKES, MILCH, MILER, MILES, MILKS, MILKY, MILLS, MIMED, MIMER, MIMES, MIMIC, MINCE, MINCY, MINDS, MINED, MINER, MINES, MINIM, MINIS, MINKS, MINOR, MINTS, MINTY, MINUS, MIRED*, MIRES, MIRKS, MIRKY, MIRTH, MISER*, MISSY, MISTS, MISTY, MITER*, MITES, MITRE, MITTS, MIXED, MIXER, MIXES, MOANS, MOATS, MOCHA, MOCKS, MODAL*, MODEL, MODEM, MODES, MODUS, MOGUL, MOIST, MOLAR, MOLDS, MOLDY, MOLES, MOLLS, MOLTS, MOMMA, MONAD*, MONDE, MONDO, MONEY, MONKS, MONOS, MONTE, MONTH, MOOCH, MOODS, MOODY, MOOED, MOONS, MOONY, MOORE, MOORS, MOOSE, MOOTS, MOPED, MOPER, MOPES, MOPEY, MORAL, MORAY, MOREL, MORES*, MORNS, MORON, MORPH, MORSE, MOSEY, MOSSY, MOSTS, MOTEL, MOTES, MOTEY, MOTHS, MOTHY, MOTIF, MOTOR, MOTTO, MOULD, MOULT, MOUND, MOUNT, MOURN, MOUSE, MOUTH, MOVED, MOVER, MOVES, MOVIE, MOWED, MOWER, MUCKS, MUCKY, MUCUS, MUDDY, MUDRA, MUGGY, MULCH, MULED, MULES, MULEY, MULLS, MULTI, MUMBO, MUMMY, MUNCH, MURAL, MURKY, MUSED, MUSER, MUSES, MUSHY, MUSIC, MUSKS, MUSKY, MUSSY, MUSTS, MUSTY, MUTED, MUTER, MUTES, MUTTS, MYNAS, MYOPE, MYTHS, 

NABOB, NACHO, NACRE, NADIR, NAILS, NAIVE, NAKED, NAMED, NAMER, NAMES, NANNY, NAPES, NAPPY*, NARCO, NARCS, NARDS*, NARES, NARKS, NASAL, NASTY, NATAL, NATES, NATTY, NAVAL, NAVEL, NAVES, NEAPS, NEARS, NEATH, NEATS, NECKS, NEEDS, NEEDY, NEGUS, NEIGH, NEONS, NERDS, NERDY, NERVE, NERVY, NESTS, NETTY, NEVER, NEWER, NEWLY, NEWTS, NEXUS, NICER, NICHE, NICKS, NIECE, NIFTY, NIGHS, NIGHT, NIHIL, NILLS, NINES, NINJA, NINTH, NIPPY, NITER, NITRE, NITRO, NITTY, NIXED, NIXES, NOBBY, NOBLE, NOBLY, NOCKS, NODAL, NODES, NODUS, NOELS, NOHOW, NOIRE, NOISE, NOISY, NOMAD, NONES, NOOKS, NOONS, NOOSE, NORMA, NORMS, NORTH, NOSED, NOSES, NOSEY, NOTAL, NOTCH, NOTED, NOTER, NOTES, NOUNS, NOVAE, NOVAS, NOVEL, NOWAY, NUBBY, NUDER, NUDES*, NUDGE, NUDIE, NUKED, NUKES, NULLS, NUMBS, NURSE, NUTTY, NYLON, NYMPH,

OARED, OASES*, OASIS, OATEN, OATER*, OATHS, OBELI, OBESE, OBEYS, OBITS, OBOES, OCCUR, OCEAN, OCHER, OCHRE, OCTAD, OCTAL, OCTET, OCULI, ODDER, ODDLY, ODEON, ODIUM, ODORS, ODOUR, OFFAL, OFFED, OFFER, OFTEN, OFTER, OGHAM, OGLED, OGLER*, OGLES, OGRES, OILED, OILER, OKAPI, OKRAS, OLDEN, OLDER, OLDIE, OLEOS, OLIVE, OMBRE, OMEGA, OMENS, OMITS, ONION, ONSET, OOMPH, OOZED, OOZES, OPALS, OPENS, OPERA, OPINE, OPTED, OPTIC, ORALS*, ORATE, ORBED, ORBIT, ORCAS, ORDER, OREAL*, ORDOS, ORGAN, ORIEL, ORRIS, ORTHO, OSAGE, OSCAR, OSIER*, OSMIC, OTHER, OTTER, OUGHT, OUNCE, OUSTS, OUTDO, OUTED, OUTER, OUTRE, OUZEL, OVALS, OVARY, OVATE, OVEAL*, OVENS, OVERS*, OVERT, OVINE, OVULE, OWING, OWLET, OWNED, OWNER, OXBOW, OXIDE, OZONE, 

PACED, PACER, PACES, PACKS, PACTS, PADDY, PADRE, PAEAN, PAGAN, PAGED, PAGER, PAGES, PAILS, PAINS, PAINT, PAIRS, PALED, PALER, PALES*, PALLS, PALMS, PALMY, PALSY*, PANDA, PANED, PANEL, PANES, PANGS, PANIC, PANSY, PANTS, PANTY, PAPAL, PAPAS, PAPER, PARAS, PARCH, PARED, PARER, PARES, PARIS, PARKA, PARKS, PARRY, PARSE, PARTS, PARTY, PASEO, PASSE, PASTA, PASTE, PASTS, PASTY, PATCH, PATED, PATER, PATES, PATHS, PATIO, PATLY, PATSY, PAUSE, PAVED, PAVER, PAVES, PAWED, PAWER, PAWNS, PAYED, PAYEE, PAYER, PEACE, PEACH, PEAKS, PEAKY, PEALS*, PEARL, PEARS, PEASE, PEATS, PEATY, PECAN, PECKS, PEDAL, PEDRO, PEEKS, PEELS, PEENS, PEEPS, PEERS, PEEVE, PEGGY, PEKIN, PELTS, PENAL, PENCE, PENDS, PEONS, PEONY, PEPPY, PERCH, PERCY, PERES, PERIL, PERKS, PERKY, PERMS, PESKY, PESOS, PESTS, PETAL, PETER, PETTY, PHASE, PHONE, PHONO, PHONY, PHOTO, PIANO, PICAS, PICKS, PICKY, PICOT, PIECE, PIERS, PIETA, PIETY, PIGGY, PIKED, PIKER*, PIKES, PILAF, PILAR, PILED, PILES, PILLS, PILOT, PINCH, PINED, PINES, PINGS, PINKS, PINKY, PINTA, PINTO, PINTS, PINUP, PIONS, PIOUS, PIPED, PIPER, PIPES, PIPET, PIPIT, PIQUE, PIROG, PITAS, PITCH, PIVOT, PIXEL, PIXES, PIXIE, PIZZA, PLACE, PLAID, PLAIN, PLAIT, PLANE, PLANK, PLANS, PLANT, PLASH, PLASM, PLATE, PLATO, PLATS, PLAYS, PLAZA, PLEAD, PLEAS, PLEAT, PLIED, PLIER*, PLIES, PLINK*, PLODS, PLOPS, PLOTS, PLOWS, PLOYS, PLUCK, PLUGS, PLUMB, PLUME, PLUMP, PLUMS, PLUMY, PLUNK, PLUSH, PLUTO, PLYER, POACH, POCKS, POCKY, PODGY, PODIA, POEMS, POESY, POETS, POINT, POISE, POKED, POKER, POKES, POKEY, POLAR, POLED, POLER, POLES, POLIO, POLKA, POLLS, POLYP, POMES, PONCE, PONDS, PONES, POOCH, POOHS, POOLS, POPES, PORCH, PORED, PORES, PORGY, PORKS, PORKY, PORTS, POSED, POSER, POSES, POSSE, POSTS, POTSY, POTTY, POUCH, POUFS, POULT, POUND, POURS, POUTS, POUTY, POWER, POXES, PRAMS, PRANK, PRATE*, PRATS, PRAWN, PRAYS, PREEN, PREPS, PRESS, PREST, PREYS, PRICE, PRICY, PRIDE, PRIED, PRIER, PRIES, PRIGS, PRIMA*, PRIME, PRIMO, PRIMP, PRIMS, PRINK*, PRINT, PRIOR, PRISE, PRISM, PRISS, PRIVY, PRIZE, PROAS, PROBE, PRODS, PROEM, PROLE, PROMS, PRONE, PRONG, PROOF, PROPS, PROSE, PROSY, PROUD, PROVE, PROWL, PROWS, PROXY, PRUDE, PRUNE, PRYER, PSALM, PSEUD, PSYCH, PUBIC, PUBIS, PUCKS, PUDGY, PUFFS, PUFFY, PUKED, PUKES, PULED, PULER, PULES, PULLS, PULPS, PULPY, PULSE, PUMAS, PUMPS, PUNCH, PUNKS, PUNNY, PUNTS, PUNTY, PUPAE, PUPAL PUPIL, PUREE, PURER, PURGE, PURLS, PURRS, PURSE, PUSHY, PUTTS, PUTTY, PYLON, PYRES, PYRIC, 

QUACK, QUADS, QUAFF, QUAIL, QUAKE, QUAKY, QUALE, QUALM, QUARK, QUART, QUASH, QUASI, QUAYS, QUEEN, QUEER, QUELL, QUERY, QUEST, QUEYS, QUICK, QUIDS, QUIET, QUILL, QUILT, QUINT, QUIPS, QUIRE, QUIRK, QUIRT, QUITE, QUITS, QUOTA, QUOTE,

RABBI, RABIC, RABID, RACED, RACER, RACES, RACKS, RADAR, RADII, RADIO, RADON, RAFTS, RAGED, RAGES, RAGGY, RAIDS, RAILS, RAINS, RAINY, RAISE, RAKED, RAKER, RAKES, RALES, RALLY, RALPH, RAMEN*, RAMIE, RAMPS, RANCH, RANDS, RANDY, RANEE, RANGE, RANGY*, RANKS, RANTS, RAPID, RARER, RASED*, RASER*, RASES*, RASPS, RASPY, RATCH, RATED, RATER, RATES, RATIO, RATTY, RAVED, RAVEL*, RAVEN, RAVER, RAVES, RAWER, RAWLY, RAYED*, RAYON, RAZED, RAZER*, RAZES, RAZOR, REACH, REACT, READD*, READS, READY, REALM, REALS, REAMS*, REAPS, REARM, REARS, REAVE*, REBEL, REBID*, REBOP, REBUS, REBUT, RECAP, RECKS, RECON, RECUR, RECUT, REDID, REDIP, REDLY, REDOS, REDOX, REDRY, REDUX, REDYE, REEDS, REEDY, REEFS, REEFY, REEKS, REEKY, REELS, REEVE, REFED, REFER, REFIT, REFIX, REFLY, REFRY, REGAL, REHEM, REIGN, REINS, RELAX, RELAY, RELET, RELIC, RELIT, REMAN*, REMAP, REMET, REMIT, REMIX, RENAL, RENDS, RENEW, RENIG, RENTS, REOIL, REPAY, REPEL, REPIN, REPLY, REPRO, RERAN, RERUN, RESAW, RESAY, RESEE, RESET, RESEW, RESIN, RESOW, RESTS, RETCH, RETIE, RETRO, RETRY, REUSE, REVEL, REVUE, REWAX, REWED, REWIN, REWON, REXES, RHEUM, RHINE, RHINO, RHOMB, RHYME, RICED, RICER, RICES*, RICKS, RIDER, RIDES, RIDGE, RIDGY, RIELS, RIFER, RIFFS*, RIFLE, RIFTS, RIGHT, RIGID, RIGOR, RILED, RILES, RILLS, RIMED, RIMES, RINDS, RINGS, RINKS, RINSE, RIOTS, RIPEN, RIPER, RIPES*, RISEN, RISER, RISES, RISKS, RISKY, RITES, RITZY, RIVAL, RIVED, RIVEN, RIVER, RIVES, RIVET, ROACH, ROADS, ROAMS, ROANS*, ROARS, ROAST, ROBED, ROBES, ROBIN, ROBLE, ROBOT, ROCKS, ROCKY, RODEO, ROGER*, ROGUE, ROILS, ROLES, ROLLS, ROMAN, ROMEO, ROMPS*, RONDO, ROOFS, ROOKS, ROOKY, ROOMS, ROOMY, ROOST, ROOTS, ROOTY, ROPED, ROPER, ROPES, ROSED, ROSES, ROSIN*, ROTES, ROTOR, ROUES, ROUGE, ROUGH, ROUND, ROUSE, ROUST*, ROUTE, ROUTS, ROVED, ROVER, ROVES, ROWAN, ROWDY, ROWED, ROWEL, ROWER, ROYAL, RUBES, RUBLE*, RUCKS, RUDDY, RUDER, RUERS, RUFFS, RUGBY, RUING, RUINS, RULED, RULER, RULES, RUMBA, RUMEN*, RUMMY, RUMOR, RUMPS, RUNES, RUNGS, RUNIC, RUNNY, RUNTS, RUNTY, RUPEE, RURAL, RUSES, RUSHY, RUSKS, RUSTS, RUSTY, RUTTY, 

SABER, SABLE, SABOT, SABRA, SACKS, SADLY, SAFER, SAFES, SAGAS, SAGER, SAGES, SAGGY, SAGOS, SAHIB, SAIDS, SAILS, SAINT, SAKES, SALAD, SALES, SALLY*, SALON, SALSA, SALTS, SALTY, SALVE, SALVO, SAMBA, SANDS, SANDY, SANED, SANER, SANES*, SAPPY, SAREE, SARGE, SASSY, SATED, SATES, SATIN, SATYR, SAUCE, SAUCY, SAUNA, SAUTE, SAVED, SAVER, SAVES, SAVOR, SAVOY, SAWED, SAWER, SAXON, SAYER, SCABS, SCADS, SCALD, SCALE, SCALP, SCALY, SCAMP, SCAMS, SCANS, SCANT, SCAPE*, SCARE, SCARF, SCARP, SCARS, SCARY, SCATS, SCENE, SCENT, SCHMO, SCION, SCOFF, SCOLD, SCONE, SCOOP, SCOOT, SCOPE, SCORE, SCORN, SCOTS, SCOUR, SCOUT, SCOWL, SCRAG, SCRAM, SCRAP, SCREE, SCREW, SCRIM, SCRIP, SCROD, SCRUB, SCUBA, SCUFF, SCULK, SCULP, SCUMS, SCURF, SEALS, SEAMS, SEAMY, SEARS, SEATS, SECTS, SEDAN, SEDER, SEDGE, SEDUM, SEEDS, SEEDY, SEEKS, SEEMS, SEEPS, SEEPY, SEERS, SEGUE, SEIGE*, SEINE, SEISM, SEIZE, SELFS, SELLS, SEMIS, SENDS, SENOR, SENSE, SEOUL, SEPAL*, SEPIA, SEPTA, SERAL, SERER, SERFS, SERGE, SERIF, SERUM, SERVE, SERVO, SETAL, SETUP, SEVEN, SEVER, SEWED, SEWER, SEXES, SEXTO, SHACK, SHADE, SHADS, SHADY, SHAFT, SHAGS, SHAKE, SHAKY, SHALE, SHALL, SHALT, SHALY, SHAME, SHAMS, SHANK, SHAPE, SHARD, SHARE, SHARK, SHARP, SHAVE, SHAWL, SHAWS, SHEAR, SHEDS, SHEEN, SHEEP, SHEER, SHEET, SHEIK, SHELF, SHELL, SHERD, SHEWN, SHEWS, SHIED, SHIER*, SHIES, SHIFT, SHILL, SHILY, SHIMS, SHINE, SHINS, SHINY, SHIPS, SHIRE, SHIRK, SHIRT, SHLEP, SHOAL*, SHOAT, SHOCK, SHOED, SHOER, SHOES, SHOJI, SHONE, SHOOK, SHOOS, SHOOT, SHOPS, SHORE, SHORN, SHORT, SHOTS, SHOUT, SHOVE, SHOWN, SHOWS, SHOWY, SHRED, SHREW, SHRUB, SHRUG, SHUCK, SHUNS, SHUNT, SHUSH, SHUTE, SHUTS, SHYER, SICKS, SIDED, SIDES, SIDLE, SIEGE, SIEVE, SIFTS, SIGHS, SIGHT, SIGIL, SIGMA, SIGNS, SILEX, SILKS, SILKY, SILLS, SILLY, SILOS, SILTS, SILTY, SINCE, SINES, SINEW*, SINGE, SINGS, SINKS, SINUS, SIPPY, SIRED, SIREE, SIREN, SIRES*, SIRUP, SISAL, SISSY, SITAR, SITED, SITES, SITUP, SIXES, SIXTE, SIXTH, SIXTY, SIZED, SIZER, SIZES, SKALD, SKATE, SKEAN, SKEET, SKEIN*, SKEWS, SKIDS, SKIED, SKIER, SKIES, SKILL, SKIMP, SKIMS, SKINK, SKINS, SKIPS, SKIRT, SKITS, SKULK, SKULL, SKUNK, SKYED, SLABS, SLACK, SLAGS, SLAIN, SLAKE, SLAMS, SLANG, SLANT, SLAPS, SLASH, SLATE, SLATS, SLATY, SLAVE, SLAWS, SLAYS, SLEDS, SLEEK, SLEEP, SLEET, SLEPT, SLEWS, SLICE, SLICK, SLIDE, SLIER, SLIME, SLIMS, SLIMY, SLING, SLINK, SLIPS, SLIPT, SLITS, SLOBS, SLOES, SLOGS, SLOOP, SLOPE, SLOPS, SLOSH, SLOTH, SLOTS, SLOWS, SLUED, SLUES, SLUMP, SLUMS, SLUNG, SLUNK, SLURP, SLURS, SLUSH, SLYER, SMACK, SMALL, SMART, SMASH, SMEAR, SMELL, SMELT, SMILE, SMIRK, SMITE, SMITH, SMOCK, SMOKE, SMOKY, SMOTE, SMUTS, SNACK, SNAFU, SNAGS, SNAIL, SNAKE, SNAKY, SNAPS, SNARE, SNARK, SNARL, SNEAK, SNEER, SNICK, SNIDE, SNIFF, SNIPE, SNIPS, SNITS, SNOBS, SNOOD, SNOOP, SNOOT, SNORE, SNORT, SNOTS, SNOUT, SNOWS, SNOWY, SNUBS, SNUCK, SNUFF, SOAKS, SOAPS, SOAPY, SOARS, SOBER, SOCKS, SODAS, SODDY, SOFAR, SOFAS, SOFTS, SOFTY, SOGGY, SOILS, SOLAR, SOLED*, SOLES, SOLID, SOLOS, SOLVE, SONAR, SONGS, SONIC, SONNY, SOOEY, SOOTH, SOOTS, SOOTY, SOPPY, SOREL, SORER, SORES, SORRY, SORTS, SOULS, SOUND, SOUPS, SOUPY, SOURS, SOUSE, SOUTH, SOWED, SOWER, SPACE, SPADE, SPAKE*, SPALE, SPAMS, SPANK, SPANS, SPARE, SPARK, SPARS, SPASM, SPATE, SPATS, SPAWN, SPAYS, SPEAK, SPEAR, SPECK, SPECS, SPEED, SPELL, SPELT*, SPEND, SPENT, SPEWS, SPICE, SPICY, SPIED, SPIEL, SPIER*, SPIES, SPIFF, SPIKE, SPIKY, SPILL, SPILT, SPINE, SPINS, SPINY, SPIRE, SPIRY, SPITE, SPITS, SPLAT, SPLAY, SPLIT, SPOIL, SPOKE, SPOOF, SPOOK, SPOOL, SPOON, SPOOR, SPORE, SPORT, SPOTS, SPOUT, SPRAT, SPRAY, SPREE, SPRIG, SPRIT, SPUDS, SPUED, SPUES, SPUME, SPUNK, SPURN, SPURS, SPURT, SQUAB, SQUAD, SQUAT, SQUAW, SQUIB, SQUID, STABS, STACK, STAFF, STAGE, STAGS, STAGY, STAID*, STAIN, STAIR, STAKE, STALE, STALK, STALL, STAMP, STAND, STANK, STAPH, STARE, STARK, STARS, START, STASH, STATE, STATS, STAVE, STAYS, STEAD, STEAK, STEAL, STEAM, STEED, STEEL, STEEP, STEER, STEIN, STELE, STEMS, STENO, STENT, STEPS, STERE, STERN, STETS, STEWS, STICK, STIED, STIES, STIFF, STILE, STILL, STILT, STIMY, STING, STINK, STINT, STIRS, STOAT, STOCK, STOIC, STOKE, STOLE, STOMP, STONE, STONY, STOOD, STOOL, STOOP, STOPS, STORE, STORK, STORM, STORY, STOUP, STOUT, STOVE, STOWS, STRAP, STRAW, STRAY, STREP, STREW, STRIA, STRIP, STROP, STRUM, STRUT, STUBS, STUCK, STUDS, STUDY, STUFF, STUMP, STUNG, STUNK, STUNS, STUNT, STUPA, STUPE, STYED, STYES, STYLE, STYLI, SUAVE, SUCKS, SUCKY, SUDSY, SUEDE, SUERS, SUETS, SUGAR, SUING, SUITE, SUITS, SULFA, SULKS, SULKY, SULLY, SUNNY, SUNUP, SUPER, SUPES, SUPRA, SURER, SURFS, SURGE, SURGY, SURLY, SUSHI, SUTRA, SWABS, SWAGE, SWAIL, SWAIN, SWALE, SWAMP, SWANG, SWANK, SWANS, SWAPS, SWARD, SWARM, SWART, SWASH, SWATH, SWATS, SWAYS, SWEAR, SWEAT, SWEDE, SWEEP, SWEET, SWELL, SWEPT, SWIFT, SWIGS, SWILL, SWIMS, SWINE, SWING, SWIPE, SWIRL, SWISH, SWOON, SWOOP, SWORD, SWORE, SWORN, SWUNG, SYLPH, SYNCH, SYNOD, SYNTH, SYRUP.

TABBY, TABLA, TABLE, TABOO, TACET, TACHS, TACIT, TACKS, TACKY, TACOS, TACTS, TAIGA, TAILS, TAINT, TAKEN, TAKER, TAKES, TALCS, TALER, TALES, TALKS, TALKY, TALLY, TALON, TAMED, TAMER, TAMES, TAMPS, TANGO, TANGS, TANGY, TANKS, TANSY, TAPAS, TAPED, TAPER, TAPES, TAPIR, TARDE, TARDY, TARED*, TARES, TAROS, TAROT, TARPS, TARRY, TARSI, TARTS, TASER, TASKS, TASTE, TASTY, TATAR, TATER*, TAUNT, TAUPE, TAUTS, TAWNY, TAXED, TAXER, TAXES, TAXIS, TEACH, TEAKS, TEALS, TEAMS, TEARS, TEARY, TEASE, TEATS, TEDDY, TEEMS, TEENS, TEENY, TEETH, TELEX, TELLS, TELLY, TEMPI, TEMPO, TEMPS, TEMPT, TENDS, TENET, TENOR, TENSE, TENTH, TENTS, TENTY, TEPEE, TEPID, TERMS, TERNE, TERNS, TERRA, TERRE, TERRY, TERSE, TESLA*, TESTS, TESTY, TETRA, TEXTS, THANK, THAWS, THEFT, THEIR, THEME, THENS, THERE, THERM, THESE, THETA, THEWS, THICK, THIEF, THIGH, THINE, THING, THINK, THINS, THIRD, THOLE, THONG, THORN, THORP, THOSE, THOUS, THREE, THREW, THROB, THROE, THROW, THRUM, THUDS, THUGS, THUMB, THUMP, THYME, TIARA, TIBIA, TICKS, TIDAL, TIDED, TIDES, TIERS, TIFFS, TIGER, TIGHT, TIKES, TIKIS, TILDE*, TILED, TILER, TILES, TILLS, TILTH, TILTS, TIMED, TIMER, TIMES, TIMID, TINCT, TINED, TINES*, TINGE, TINGS, TINNY, TINTS, TIPSY, TIRED, TIRES, TITAN, TITER, TITHE, TITLE, TITRE, TOADS, TOADY, TOAST, TODAY, TODDY, TOFFS*, TOFUS, TOGAE, TOGAS, TOILS, TOKED, TOKEN, TOKES, TOLLS, TOMBS, TOMES, TOMMY, TONAL, TONED, TONER, TONES, TONGS, TONIC, TONNE, TOOLS, TOONS, TOOTH, TOOTS, TOPAZ, TOPED, TOPER, TOPES, TOPIC, TOQUE, TORAH, TORCH, TORCS, TORES, TOROS, TORSI, TORSO, TORTE, TORTS, TOTAL, TOTED, TOTEM, TOTER, TOTES, TOUCH, TOUGH, TOURS, TOUTS*, TOWED, TOWEL, TOWER, TOWNS, TOXIC, TOXIN, TOYED, TOYER, TRACE, TRACK, TRACT, TRADE, TRAIL, TRAIN, TRAIT, TRAMP, TRAMS, TRAPS, TRAPT, TRASH, TRAVE, TRAWL, TRAYS, TREAD, TREAT, TREED, TREES, TREKS, TREND, TRESS, TREWS, TREYS, TRIAD, TRIAL, TRIBE, TRICE, TRICK, TRIED, TRIER, TRIES, TRILL, TRIMS, TRIOS, TRIPE, TRIPS, TRITE, TRODE*, TROLL, TROMP, TROOP, TROPE, TROTS, TROUT, TROVE, TROWS, TROYS, TRUCE, TRUCK, TRUED, TRUER, TRUES, TRULY, TRUMP, TRUNK, TRUSS, TRUST, TRUTH, TRYST, TSARS, TSKED, TUBAL, TUBAS, TUBBY, TUBED, TUBER, TUBES, TUCKS, TUDOR, TUFAS, TUFFS, TUFTS, TUFTY, TULIP, TULLE, TUMMY, TUMOR, TUNAS, TUNED, TUNER, TUNES, TUNIC, TURBO, TURFS, TURFY, TURKS, TURNS, TURPS, TUSKS, TUTOR, TUTTI, TUTUS, TUXES, TWAIN, TWANG, TWEAK, TWEED, TWEEN, TWEET, TWERP, TWICE, TWIGS, TWILL, TWINE, TWINS, TWINY, TWIRL, TWIST, TWITS, TYING, TYKES, TYPED, TYPES, TYPOS, TYRES, TYROS, TZARS,

UDDER, ULCER, ULNAE, ULNAR, ULNAS, ULTRA, ULVAS, UMBEL, UMBER, UMBRA, UMPED, UNAPT, UNARM*, UNBAR, UNBID, UNBOX, UNCAP, UNCLE, UNCUT, UNDER, UNDID, UNDUE, UNFED, UNFIT, UNFIX, UNGOT, UNHAT, UNHIP, UNIFY, UNION, UNITE, UNITS, UNITY, UNLAW, UNLAY, UNLED, UNLET, UNLIT, UNMAN, UNMET, UNPEG, UNPEN, UNPIN, UNRIG, UNRIP, UNSAY, UNSET, UNSEW, UNSEX, UNTIE, UNTIL, UNWED, UNWIT, UNWON, UNZIP, UPEND, UPLIT, UPPED, UPPER, UPSET, URBAN, UREAL, UREAS, UREIC, URGED, URGER*, URGES, URINE, URSAE, USAGE, USERS, USHER, USING, USUAL, USURP, UTERI, UTERO, UTILE, UTTER, UVEAL, UVEAS, UVULA,

VAGUE, VALES, VALET, VALID, VALOR, VALSE, VALUE, VALVE, VAMPS, VANED, VANES, VAPID, VAPOR, VASES, VAULT, VEALS, VEALY, VEEPS, VEERS, VEERY, VEGAN, VEGAS, VEILS, VEINS, VEINY, VENAL, VENDS, VENOM, VENTS, VENUE, VENUS, VERBS, VERGE, VERSE, VERSO, VERVE, VESTS, VETCH, VEXED, VEXER, VEXES, VIALS, VIAND, VIBES, VICAR*, VICED, VICES, VIDEO, VIERS, VIEWS, VIGIL, VIGOR, VILER, VILLA, VINED, VINES, VINYL, VIOLA, VIOLS, VIPER, VIRAL, VIRUS, VISAS, VISED, VISES, VISIT, VISOR, VISTA, VITAE, VITAL, VIVID, VIVRE, VIXEN, VOCAL, VOICE, VOIDS, VOILA, VOLES, VOLTA, VOLTS, VOMIT, VOTED, VOTER, VOTES, VOUCH, VOWED, VOWEL, VOWER, VYING,

WACKS, WACKY, WADED, WADER, WADES, WADIS, WAFER, WAFTS, WAGED, WAGER, WAGES, WAGON, WAIFS, WAILS, WAINS, WAIST, WAITS, WAIVE, WAKED, WAKEN*, WAKER*, WAKES, WALED, WALER, WALES, WALKS, WALLS, WALLY, WALTZ, WANDS, WANED, WANES, WANLY*, WANTS, WARDS, WARED, WARES, WARKS, WARMS, WARNS, WARPS, WARTS, WARTY, WASHY, WASPS, WASPY, WASTE, WATCH, WATER, WATTS, WAULS, WAVED, WAVER, WAVES, WAVEY, WAXED, WAXEN, WAXER, WAXES, WEALD, WEALS, WEANS, WEARS, WEARY, WEAVE, WEBBY, WEDGE, WEDGY, WEEDS, WEEDY, WEEKS, WEENS, WEEPS, WEEPY, WEEST, WEFTS, WEIGH, WIGHT, WEIRD, WEIRS, WELCH, WELDS, WELLS, WELSH, WELTS, WENCH, WENDS, WESTS, WETLY, WHACK, WHALE, WHAMS, WHANG, WHARF, WHATS, WHEAL, WHEAT, WHEEL, WHELM, WHELP, WHERE, WHETS, WHEYS, WHICH, WHIFF, WHIGS, WHILE, WHIMS, WHINE, WHINY, WHIPS, WHIRL, WHIRR, WHIRS, WHISK, WHISH, WHISK, WHIST, WHITE, WHITS, WHIZZ, WHOLE, WHOMP, WHOOP*, WHORL, WHOSE, WHOSO, WICKS, WIDEN, WIDER, WIDES*, WIDOW, WIDTH, WIELD, WIERD, WIFED, WILDS, WILED, WILES*, WILLS, WILLY, WILTS, WIMPS, WINCE, WINCH, WINDS, WINDY, WINED, WINES, WINEY, WINGS, WINGY, WINKS, WINOS, WIPED, WIPER, WIPES, WIRED, WIRER, WIRES, WISED, WISER, WISES, WISHY, WISPS, WISPY, WITCH, WITHE, WITTY, WIVER, WIVES, WOADS, WOKEN, WOLFS, WOMAN, WOMBS, WOMEN, WONKY, WOODS, WOODY, WOOED, WOOER, WOOLS, WOOLY, WOOSH, WOOZY, WORDS, WORDY, WORKS, WORLD, WORMS, WORMY, WORRY, WORSE, WORST, WORTH, WORTS, WOULD, WOUND, WOVEN, WOWED, WRACK, WRANG, WRAPS, WRATH, WREAK, WRECK, WRENS, WREST, WRIED, WRIER, WRIES*, WRING, WRIST, WRITE, WRITS, WRONG, WROTE, WROTH, WRUNG, WRYER, 

XENON, XEROX, 

YACHT, YAMEN, YANKS, YAPPY, YARDS, YARNS, YAWED*, YAWLS, YAWNS, YAWPS, YEARN, YEARS, YEAST, YELLS, YELPS, YETIS, YIELD, YIPES, YODEL, YOGAS, YOGIS, YOKED, YOKES, YOLKS, YORES, YOUNG, YOURS, YOUTH, YOWED, YOWLS, YUCCA, YURTS, 

ZEALS, ZEBRA, ZEROS, ZESTS, ZESTY, ZINCY, ZINGY, ZINKY, ZITIS, ZOEAS, ZONAL, ZONED, ZONER, ZONES, ZOOMS, 

