ABACUS, ABASED, ABASER, ABATED, ABATER, ABATOR, ABBEYS, ABBOTS, ABBOTT, ABDUCT, ABHORS, ABIDED, ABIDER, ABIDES, ABJECT, ABJURE, ABLATE, ABLAZE, ABLEST, ABLOOM, ABLUSH, ABOARD, ABODED, ABODES, ABORTS, ABOUND, ABROAD, ABRUPT, ABSENT, ABSORB, ABSURD, ABUSED, ABUSER, ABUSES, ACACIA, ACADIA, ACCEDE, ACCENT, ACCEPT, ACCESS, ACCORD, ACCOST, ACCRUE, ACCUSE, ACETAL, ACETIC, ACHIER, ACHING, ACIDIC, ACIDLY, ACORNS, ACQUIT, ACROSS, ACTING, ACTION, ACTIVE, ACTORS, ACTUAL, ACUITY, ACUTER, ADAPTS, ADDEND, ADDERS, ADDICT, ADDING, ADDLED, ADDLES, ADDUCT, ADEPTS, ADHERE, ADJOIN, ADJURE, ADJUST, ADMIRE, ADMITS, ADONIS, ADOPTS, ADORED, ADORER, ADORES, ADORNS, ADRIFT, ADROIT, ADSORB, ADULTS, ADVENT, ADVERB, ADVICE, ADVISE, AEONIC, AERATE, AERIAL, AERIED, AERIER, AERILY, AEROBE, AETHER, AFFAIR, AFFECT, AFFIRM, AFFLUX, AFFORD, AFFRAY, AFIELD, AFLAME, AFLOAT, AFRAID, AFREET, AFRESH, AFTERS, AGATES, AGAVES, AGEDLY, AGEING, AGEIST, AGENCY, AGENDA, AGENTS, AGHAST, AGINGS, AGISTS, AGLARE, AGLEAM, AGLETS, AGONAL, AGONIC, AGREED, AGREES, AHORSE, AIDERS, AIDFUL, AIDING, AIDMAN, AIDMEN, AIKIDO, AILING, AIMERS, AIMFUL, AIMING, AIRBAG, AIREST, AIRIER, AIRILY, AIRING, AIRMAN, AIRMEN, AIRWAY, AISLED, AISLES, ALARMS, ALBEIT, ALBINO, ALBUMS, ALCOVE, ALDERS, ALERTS, ALGINS, ALIBIS, ALIENS, ALIGHT, ALIGNS, ALINED, ALINER, ALINES, ALKALI, ALLAYS, ALLEGE, ALLELE, ALLEYS, ALLIED, ALLIES, ALLOTS, ALLOWS, ALLOYS, ALLUDE, ALLURE, ALMOND, ALMOST, ALPACA, ALPHAS, ALPINE, ALTARS, ALTERS, ALUMNA, ALUMNI, ALWAYS, AMAZED, AMAZES, AMAZON, AMBERS, AMBERY, AMBLED, AMBLER, AMBLES, AMBUSH, AMENDS, AMIDST, AMNION, AMOEBA, AMORAL, AMOUNT, AMPERE, AMPING, AMPLER, AMPULE, AMTRAC, AMULET, AMUSED, AMUSER, AMUSES, ANADEM, ANALOG, ANATTO, ANCHOR, ANEMIA, ANEMIC, ANGELS, ANGERS, ANGINA, ANGLED, ANGLER, ANGLES, ANGLOS, ANGOLA, ANGORA, ANIMAL, ANIMAS, ANIONS, ANISES, ANKLES, ANKLET, ANNOYS, ANNUAL, ANODAL, ANODES, ANODIC, ANOINT, ANOLES, ANOMIA, ANONYM, ANOXIA, ANOXIC, ANSWER, ANTEED, ANTHEM, ANTHER, ANTICS, ANTING, ANTLER, ANTRAL, ANTRUM, ANVILS, ANYHOW, ANYONE, ANYWAY, AORTAE, AORTAL, AORTAS, AORTIC, APACHE, APATHY, APEXES, APIARY, APICAL, APIECE, APLOMB, APNEIC, APODAL, APOGEE, APOLLO, APPALL, APPALS, APPEAL, APPEAR, APPEND, APPLES, APPOSE, APRONS, APTEST, ARABLE, ARBORS, ARCADE, ARCANA, ARCANE, ARCHED, ARCHER, ARCHES, ARCING, ARCKED, ARCTIC, ARDENT, ARDORS, ARENAS, AREOLA, AREOLE, ARGENT, ARGLED, ARGLES*, ARGONS, ARGUED, ARGUER, ARGUES, ARGUFY, ARGYLE, ARIDER, ARIDLY, ARISEN, ARISES, ARMADA, ARMERS, ARMFUL, ARMIES, ARMING, ARMLET, ARMORS, ARMORY, ARMOUR, ARMPIT, ARNICA, AROMAS, AROUND, AROUSE, ARRANT, ARRAYS, ARREST, ARRIVE, ARROWS, ARROWY, ARSONS, ARTERY, ARTFUL, ARTIER, ARTILY, ARTIST, ASCEND, ASCENT, ASCOTS, ASHCAN, ASHIER, ASHING, ASHMAN, ASHMEN, ASHORE, ASHRAM, ASIDES, ASKERS, ASKING, ASLANT, ASLEEP, ASLOPE, ASPECT, ASPENS, ASPERS, ASPIRE, ASPISH, ASSAIL, ASSENT, ASSERT, ASSESS, ASSETS, ASSIGN, ASSIST, ASSORT, ASSUME, ASSURE, ASTERN, ASTERS, ASTHMA, ASTRAL, ASTRAY, ASTUTE, ASWARM, ASWIRL, ASYLUM, ATAXIC, ATMANS, ATOLLS, ATOMIC, ATONAL, ATONED, ATONER, ATONES, ATOPIC, ATRIAL, ATRIUM, ATTACH, ATTACK, ATTAIN, ATTEND, ATTEST, ATTICS, ATTIRE, ATTUNE, ATYPIC, AUBURN, AUDIOS, AUDITS, AUGEND, AUGERS, AUGUST, AULDER, AUNTIE, AURATE, AURORA, AUTEUR, AUTHOR, AUTISM, AUTOED, AUTUMN, AVAILS, AVATAR, AVENGE, AVENUE, AVERSE, AVERTS, AVIARY, AVIATE, AVIDLY, AVOCET, AVOIDS, AVOWAL, AVOWED, AVOWER, AWAITS, AWAKED, AWAKEN, AWARDS, AWEARY, AWEIGH, AWEING, AWHILE, AWHIRL, AWNING, AWOKEN, AXEMAN, AXEMEN, AXIOMS, AXLIKE, AXONAL, AXONIC, AZALEA, AZURES,

BABBLE, BABELS, BABIED, BABIES, BABOON, BACKER, BACKUP, BACONS, BADDER, BADDIE, BADGED, BADGER, BADGES, BADMAN, BADMEN, BAFFLE, BAGELS, BAGFUL, BAGGED, BAGGER, BAGGIE, BAGMAN, BAGMEN, BAGUET, BAILED, BAILEE, BAILER, BAILIE, BAILOR, BAIRNS, BAITED, BAITER, BAKERS, BAKERY, BAKING, BALBOA, BALDED, BALDER, BALDLY, BALERS, BALING, BALKED, BALKER, BALLAD, BALLED, BALLER, BALLET, BALLOT, BALLSY, BALSAM, BALSAS, BALTIC, BAMBOO, BANANA, BANDED, BANDER, BANDIT, BANGED, BANGER, BANGLE, BANISH, BANJOS, BANKED, BANKER, BANNED, BANNER, BANTAM, BANTER, BARBED, BARBEL, BARBER, BARDED, BARELY, BAREST, BARFED, BARFLY, BARGED, BARGES, BARHOP, BARING, BARITE, BARIUM, BARKED, BARKER, BARLEY, BARMAN, BARMEN, BARONS, BARRED, BARREL, BARREN, BARROW, BARTER, BASALT, BASELY, BASEST, BASHED, BASHER, BASHES, BASICS, BASING, BASINS, BASKED, BASKET, BASQUE, BASSES, BASSET, BASSLY, BASTED, BASTER, BASTES, BATBOY, BATHED, BATHER, BATING, BATMAN, BATMEN, BATONS, BATTED, BATTER, BATTLE, BAUBLE, BAULKY, BAWLED, BAWLER, BAYING, BAYOUS, BEACHY, BEACON, BEADED, BEADLE, BEAGLE, BEAKED, BEAKER, BEAMED, BEANED, BEANIE, BEARDS, BEARER, BEASTS, BEATEN, BEATER, BEAUTY, BEAVER, BECALM, BECAME, BECKED, BECKON, BECOME, BEDAMN, BEDAUB, BEDBUG, BEDDER, BEDECK, BEDLAM, BEDPAN, BEDRID, BEDRUG, BEDUMB, BEEFED, BEEPED, BEEPER, BEETLE, BEFALL, BEFELL, BEFITS, BEFOOL, BEFORE, BEFOUL, BEGGAR, BEGGED, BEGINS, BEGONE, BEHALF, BEHAVE, BEHEAD, BEHELD, BEHEST, BEHIND, BEHOLD, BEHOOF, BEHOVE, BEIGES, BEINGS, BELAYS, BELFRY, BELIED, BELIEF, BELIER, BELIES, BELLED, BELLOW, BELONG, BELOWS, BELTED, BELTER, BELUGA, BEMOAN, BEMUSE, BENDED, BENDEE, BENDER, BENGAL, BENIGN, BENUMB, BENZIN, BENZOL, BENZYL, BERATE, BEREFT, BERETS, BERTHS, BESEEM, BESETS, BESIDE, BESOTS, BESTED, BESTIR, BESTOW, BETAKE, BETIME, BETOOK, BETRAY, BETTER, BETTOR, BEVELS, BEWAIL, BEWARE, BEYOND, BEZELS, BEZOAR, BIASED, BIASES, BIAXAL, BIBBED, BIBBER, BIBLES, BIBLIO, BICKER, BICORN, BIDDEN, BIDDER, BIDERS, BIDETS, BIDING, BIFFED, BIFLEX, BIFOLD, BIGGER, BIGHTS, BIGOTS, BIGWIG, BIKERS, BIKING, BIKINI, BILKED, BILKER, BILLED, BILLER, BILLET, BILLOW, BINARY, BINDER, BINDLE, BINGED, BINGES, BINGOS, BINNED, BIOMES, BIONIC, BIOPIC, BIOPSY, BIOTIC, BIOTIN, BIPEDS, BIPODS, BIRDED, BIRDER, BIRDIE, BIRTHS, BISECT, BISHOP, BISQUE, BISTRO, BITERS, BITING, BITTEN, BITTER, BLABBY, BLACKS, BLADED, BLADES, BLAINS, BLAMED, BLAMER, BLAMES, BLANCH, BLANKS, BLARED, BLARES, BLASTS, BLASTY, BLAZED, BLAZER, BLAZES, BLEACH, BLEAKS, BLEARS, BLEARY, BLEATS, BLEEDS, BLEEPS, BLENDS, BLIGHT, BLIMEY, BLINDS, BLINKS, BLINKY, BLITHE, BLOATS, BLOBBY, BLOCKS, BLOCKY, BLOKES, BLONDE, BLONDS, BLOODY, BLOOMS, BLOTCH, BLOUSE, BLOUSY, BLOWED, BLOWER, BLOWUP, BLUEST, BLUFFS, BLUING, BLUISH, BLUNTS, BLURBS, BLURRY, BLURTS, BOARDS, BOASTS, BOATED, BOATER, BOBBED, BOBBER, BOBBIN, BOBBLE, BOBCAT, BODEGA, BODICE, BODIES, BODILY, BODING, BOGART, BOGGED, BOGGLE, BOGLED, BOGLEG*, BOILED, BOILER, BOLDED, BOLDER, BOLDLY, BOLERO, BOLIDE, BOLTED, BOLTER, BOMBED, BOMBER, BONBON, BONDED, BONDER, BONGED, BONGOS, BONIER, BONITA, BONITO, BONNET, BONNIE, BONSAI, BONZER, BOOGER, BOOGIE, BOOING, BOOKED, BOOKER, BOOKIE, BOOMED, BOOMER, BOOTED, BOOTHS, BOOTIE, BOOZED, BOOZER, BOPPED, BOPPER, BORAGE, BORATE*, BORDER, BOREAL, BORING, BORROW, BORSHT, BOSQUE, BOSSED, BOSSES, BOSUNS, BOTANY, BOTFLY, BOTHER, BOTTLE, BOTTOM, BOUGHT, BOULES, BOUNCE, BOUNCY, BOUNDS, BOUNTY, BOURNE, BOURSE, BOVINE, BOWELS, BOWERS, BOWFIN, BOWING, BOWLED, BOWLEG, BOWLER, BOWMAN, BOWMEN, BOWTIE, BOXCAR, BOXERS, BOXIER, BOXING, BRACED, BRACER, BRACES, BRAGGY, BRAIDS, BRAILS, BRAINS, BRAINY, BRAISE, BRAIZE, BRAKED, BRAKES, BRANCH, BRANDS, BRANDY, BRASHY, BRASIL, BRASSY, BRATTY, BRAVED, BRAVER, BRAVES, BRAVOS, BRAWLS, BRAWNY, BRAYED, BRAZED, BRAZEN, BRAZER, BRAZES, BREACH, BREADS, BREAKS, BREAMS, BREAST, BREATH, BREECH, BREEDS, BREEZE, BREEZY, BREWED, BREWER, BRIARS, BRIBED, BRIBER, BRIBES, BRICKS, BRICKY, BRIDAL, BRIDES, BRIDGE, BRIDLE, BRIEFS, BRIERS, BRIGHT, BRINED, BRINER, BRINES, BRINGS, BROADS, BROGUE, BROILS, BROKEN, BROKER, BRONCO, BRONZE, BRONZY, BROOCH, BROODS, BROODY, BROOKS, BROOMS, BROOMY, BROTHS, BROWNS, BROWNY, BROWSE, BRUISE, BRUITS, BRUNCH, BRUNET, BRUSHY, BRUTAL, BRUTED, BRUTES, BUBBLE, BUBBLY, BUCKED, BUCKER, BUCKET, BUCKLE, BUDDED, BUDDER, BUDGED, BUDGER, BUDGES, BUDGET, BUFFED, BUFFER, BUFFET, BUGEYE, BUGGED, BUGGER, BUGLED, BUGLER, BUGLES, BUILDS, BULBED, BULGED, BULGER, BULGES, BULKED, BULLED, BULLET, BUMBLE, BUMMED, BUMPED, BUMPER, BUNCHY, BUNDLE, BUNGED, BUNGEE, BUNGLE, BUNION, BUNKED, BUNKER, BUNTED, BUNTER, BUOYED, BURBLE*, BURDEN, BUREAU, BURGER, BURGLE, BURIAL, BURIED, BURIER, BURIES, BURLAP, BURLED, BURLER, BURLEY, BURNED, BURNER, BURNET, BURPED, BURRED, BURRER, BURROW, BURSAE, BURSAL, BURSTS, BUSBOY, BUSHED, BUSHEL, BUSHER, BUSHES, BUSIED, BUSIER, BUSIES, BUSILY, BUSING, BUSMAN, BUSMEN, BUSSED, BUSSES, BUSTED, BUSTER, BUSTLE, BUTANE, BUTLER, BUTTER, BUTTON, BUYING, BUYOUT, BUZZED, BUZZER, BUZZES, BYGONE, BYLINE, BYPASS, BYPATH, BYROAD,

CABALA, CABANA, CABBIE, CABERS, CABINS, CABLED, CABLER, CABLES, CABMAN, CABMEN, CACHED, CACHES, CACHET, CACKLE, CACTUS, CADDIE, CADETS, CADGED, CADGER, CADRES, CAESAR, CAFTAN, CAGERS, CAGIER, CAGILY, CAGING, CAHOOT, CAIMAN, CAJOLE, CAKIER, CAKING, CALICO, CALKED, CALKER, CALLED, CALLER, CALLUS, CALMED, CALMER, CALMLY, CALVED, CALVES, CAMELS, CAMEOS, CAMERA, CAMPED, CAMPER, CAMPUS, CANALS, CANARY, CANCAN, CANCEL, CANCER, CANDID, CANDLE, CANDOR, CANERS, CANINE, CANING, CANKER, CANNED, CANNEL, CANNIE, CANNON, CANNOT, CANOED, CANOES, CANOLA, CANONS, CANOPY, CANTER, CANTLE, CANTON, CANTOR, CANTOS, CANVAS, CANYON, CAPERS, CAPFUL, CAPITA, CAPOTE, CAPPED, CAPPER, CAPTOR, CARAFE, CARATE, CARATS, CARBON, CARBOY, CARDED, CARDER, CARDIA, CAREEN, CAREER, CARERS, CARESS, CARETS, CARFUL, CARHOP, CARIES, CARING, CARMAN, CARMEN, CARNAL, CARNEY, CARNIE, CAROBS, CAROLS, CARPAL, CARPED, CARPEL, CARPER, CARPET, CARROT, CARTED, CARTEL, CARTER, CARTES, CARTON, CARTOP, CARVED, CARVEN, CARVER, CARVES, CASEIN, CASHED, CASHER, CASHES, CASHEW, CASHOO, CASING, CASINO, CASKED, CASKET, CASQUE, CASTED, CASTER, CASTES, CASTLE, CASTOR, CASUAL, CATCHY, CATERS, CATION, CATNAP, CATNIP, CATSUP, CATTED, CATTLE, CAUCUS, CAUDAL, CAUGHT, CAUSAL, CAUSED, CAUSER, CAUSES, CAVEAT, CAVERN, CAVERS, CAVIAR, CAVIES, CAVILS, CAVING, CAVITY, CAVORT, CAWING, CEASED, CEDARS, CEDERS, CEDING, CEILED, CELERY, CELIAC, CELLAR, CELLOS, CELTIC, CEMENT, CENSED, CENSER, CENSOR, CENSUS, CENTER, CENTRA, CENTRE, CEREAL, CEREUS, CERISE, CERIUM, CERVIX, CESIUM, CESSED, CHAFED, CHAFER, CHAFES, CHAINS, CHAIRS, CHAISE, CHALET, CHALKS, CHALKY, CHAMPS, CHANCE, CHANGE, CHANTS, CHANTY, CHAPEL, CHARED, CHARES, CHARGE, CHARMS, CHARTS, CHASED, CHASER, CHASES, CHASMS, CHASTE, CHATTY, CHAWED, CHEATS, CHEDAR, CHEEKS, CHEEPS, CHEERS, CHEERY, CHEESE, CHEESY, CHERRY, CHERUB, CHESTS, CHESTY, CHEWED, CHEWER, CHICKS, CHIDED, CHIDER, CHIDES, CHIEFS, CHILES, CHILLI, CHILLS, CHILLY, CHIMED, CHIMER, CHIMES, CHIMPS, CHINAS, CHIPPY, CHIRKS, CHIRPS, CHIRPY, CHISEL, CHITIN, CHIVES, CHOCKS, CHOICE, CHOIRS, CHOKED, CHOKER, CHOKES, CHOKEY, CHOLER, CHOLLA, CHOMPS, CHOOSE, CHOOSY, CHOPIN, CHOPPY, CHOPSY, CHORAL, CHORDS, CHOREA, CHORED, CHORES, CHORUS, CHOSEN, CHOSES, CHOWED, CHROMA, CHROME, CHUBBY, CHUCKS, CHUMMY, CHUMPS, CHUNKS, CHUNKY, CHURCH, CHURNS, CHURRO, CHUTED, CHUTES, CICADA, CIDERS, CIGARS, CINDER, CINEMA, CIPHER, CIRCLE, CIRCUS, CIRQUE, CIRRUS, CITERS, CITIED, CITIES, CITING, CITRIC, CITRON, CITRUS, CIVETS, CLACKS, CLAIMS, CLAMMY, CLAMOR, CLAMPS, CLANGS, CLANKS, CLANKY, CLARET, CLASPS, CLASSY, CLAUSE, CLAWED, CLAWER, CLAYED, CLEANS, CLEARS, CLEATS, CLEAVE, CLEFTS, CLERGY, CLERIC, CLERKS, CLEVER, CLICHE, CLICKS, CLIENT, CLIMAX, CLIMBS, CLINGS, CLINGY, CLINIC, CLINKS, CLIQUE, CLOCKS, CLOGGY, CLOMPS, CLONAL, CLONED, CLONES, CLOSED, CLOSER, CLOSES, CLOSET, CLOTHE, CLOTHS, CLOTTY, CLOUDS, CLOUDY, CLOUTS, CLOVEN, CLOVER, CLOVES, CLOWNS, CLUING, CLUMPS, CLUMPY, CLUMSY, CLUNKS, CLUNKY, COALED, COALER, COAPTS, COARSE, COASTS, COATED, COATER, COAXED, COAXER, COAXES, COBALT, COBBLE, COBRAS, COBWEB, COCOAS, COCOON, CODDER, CODDLE, CODECS, CODERS, CODGER, CODING, COEMPT, COERCE, COFFER, COFFIN, COGENT, COGGED, COGNAC, COHEIR, COHERE, COHORT, COHOST, COIFED, COIGNS, COILED, COILER, COINED, COINER, COITAL, COKING, COLDER, COLDLY, COLEUS, COLLAR, COLLIE, COLONS, COLONY, COLORS, COLOUR, COLUMN, COMBAT, COMBED, COMBER, COMBES, COMBOS, COMEDY, COMERS, COMETH, COMETS, COMICS, COMING, COMMAS, COMMIE, COMMIT, COMMON, COMPED, COMPEL, COMPLY, CONCUR, CONDOM, CONDOR, CONDOS, CONFAB, CONFER, CONGAS, CONGEE, CONKED, CONKER, CONMAN, CONNED, CONSUL, CONTRA, CONVEX, CONVEY, CONVOY, COOERS, COOEYS, COOING, COOKED, COOKER, COOKIE, COOLED, COOLER, COOLLY, COOPED, COOPTS, COOTIE, COPERS, COPIER, COPIES, COPING, COPOUT, COPPED, COPPER, COPRAS, COPSES, COPTER, CORALS, CORDED, CORDER, CORDON, CORERS*, CORGIS, CORING, CORKED, CORKER, CORNEA, CORNED, CORNEL, CORNER, CORNET, CORONA, CORPSE, CORPUS, CORRAL, CORSET, CORTEX, CORVET, COSETS, COSHED, COSHER, COSIER, COSIGN, COSINE, COSMIC, COSMOS, COSTAL, COSTAR*, COSTED, COSTER, COSTLY, COTTON, COUGAR, COUGHS, COUNTS, COUNTY, COUPED, COUPES, COUPLE, COUPON, COURSE, COURTS, COUSIN, COVENS, COVERS, COVERT, COVETS, COVEYS, COWARD, COWBOY, COWERS, COWIER, COWING, COWLED, COWMAN, COWMEN, COWRIE, COYEST, COYOTE, COZIED, COZIER, COZIES, COZILY, CRABBY, CRACKY, CRADLE, CRAFTS, CRAFTY, CRAMPS, CRANED, CRANES, CRANKS, CRANKY, CRANNY, CRAPED, CRAPES, CRAPPY, CRATED, CRATER, CRATES, CRAVAT, CRAVED, CRAVEN, CRAVER, CRAVES, CRAWLS, CRAYON, CRAZED, CRAZES, CREAKS, CREAKY, CREAMS, CREAMY, CREASE, CREATE, CRECHE, CREDIT, CREDOS, CREEDS, CREEKS, CREEPS, CREEPY, CREMES, CREOLE, CREPED, CREPES, CRESTS, CRETIN, CREWED, CRICKS, CRIERS, CRIMES, CRIMPS, CRIMPY, CRINGE, CRISES, CRISIS, CRISPS, CRISPY, CRITIC, CROAKS, CROCUS, CRONES, CROOKS, CROONS, CROTCH, CROUCH, CROUPS, CROWDS, CROWED, CRUDDY, CRUDER, CRUDES, CRUETS, CRUISE, CRUMBS, CRUMMY, CRUNCH, CRUSTS, CRUSTY, CRUTCH, CRYING, CRYPTS, CUBERS, CUBING, CUBISM, CUBOID, CUDDLE, CUDDLY, CUDGEL, CUEING, CUFFED, CULLED, CULLER, CULTIC, CUMBER, CUPFUL, CUPIDS, CUPOLA, CUPPED, CUPPER, CURATE, CURBED, CURBER, CURDED, CURDLE, CURERS, CURFEW, CURIES, CURING, CURIOS, CURLED, CURLER, CURSED, CURSER, CURSES, CURSOR, CURTER, CURTLY, CURTSY, CURVED, CURVES, CUSPED, CUSPID, CUSSED, CUSSER, CUSTOM, CUTELY, CUTEST, CUTESY, CUTEYS, CUTLET, CUTOFF, CUTOUT, CUTTER, CUTTLE, CYBORG, CYCLED, CYCLER, CYCLES, CYMBAL, CYPHER, CYSTIC,

DABBED, DABBLE, DACOIT, DAEMON, DAFTER, DAFTLY, DAGGER, DAIKON, DAINTY, DAMAGE, DAMMED, DAMMER, DAMNED, DAMNER, DAMPED, DAMPEN, DAMPER, DAMPLY, DAMSEL, DAMSON, DANCED, DANCER, DANCES, DANDER, DANDLE, DANGER, DANGLE, DANGLY, DANISH, DANKER, DANKLY, DAPPER, DAPPLE*, DARERS, DARING, DARKED, DARKEN, DARKER, DARNED, DARNER*, DARTED, DARTER, DASHED, DASHER, DASHES, DATERS, DATING, DATIVE, DAUBED, DAUBER, DAUNTS, DAVIES, DAWDLE, DAWNED, DAYBED, DAYFLY, DAYLIT, DAZING, DAZZLE, DEACON, DEADEN, DEADER, DEADLY, DEAFEN, DEAFER, DEAFLY, DEAIRS, DEALER, DEARER, DEARIE, DEARLY, DEARTH, DEATHS, DEBASE, DEBATE, DEBITS, DEBONE, DEBRIS, DEBTEE, DEBTOR, DEBUGS, DEBUNK, DEBUTS, DECADE, DECALS, DECANT, DECAYS, DECEIT, DECENT, DECIDE, DECKED, DECKER, DECODE, DECORS, DECOYS, DECREE, DEDUCE, DEDUCT, DEEMED, DEEPEN, DEEPER, DEEPLY, DEFACE, DEFAME, DEFANG, DEFEAT, DEFECT, DEFEND, DEFERS, DEFIED, DEFIER, DEFIES, DEFILE, DEFINE, DEFLEA, DEFOAM, DEFOGS, DEFORM, DEFRAY, DEFTER, DEFTLY, DEFUND, DEFUSE, DEFUZE, DEGERM, DEGREE, DEHORN, DEICED, DEICES, DEIGNS, DEISMS, DEISTS, DEJECT, DELAYS, DELEAD, DELETE, DELIME, DELIST, DELTAS, DELUDE, DELUGE, DELUXE, DELVED, DELVER, DELVES, DEMAND, DEMEAN, DEMENT, DEMISE, DEMITS, DEMODE, DEMONS, DEMOTE, DEMURE, DEMURS, DENIAL, DENIED, DENIER, DENIES, DENIMS, DENOTE, DENSER, DENTAL, DENTED, DENTIN, DENUDE, DEODAR, DEPART, DEPEND, DEPICT, DEPLOY, DEPORT, DEPOSE, DEPOTS, DEPTHS, DEPUTE, DEPUTY, DERAIL, DERIDE, DERIVE, DERMAL, DERMAS, DERMIC, DERMIS, DESALT, DESAND, DESERT, DESIGN, DESIRE, DESIST, DESPOT, DETACH, DETAIL, DETAIN, DETECT, DETENT, DETERS, DETEST, DETOUR, DEUCED, DEUCES, DEVEIN, DEVEST, DEVICE, DEVILS, DEVISE, DEVOID, DEVOIR, DEVOTE, DEVOUR, DEVOUT, DEWIER, DEWILY, DEWING, DEWOOL, DEWORM, DEXTER, DHOLES, DIADEM, DIADIC, DIALED, DIALER, DIALOG, DIAPER, DIBBED, DIBBER, DIBBLE*, DICERS, DICIER, DICING, DICTUM, DIDDLE, DIEING, DIESEL, DIETED, DIETER, DIFFER, DIGEST, DIGGED, DIGGER, DIGITS, DILATE, DILUTE, DIMERS, DIMMED, DIMMER, DIMOUT, DIMPLE, DIMPLY, DINARS, DINERS, DINGED, DINGEY, DINGHY, DINGLE, DINGOS, DINING, DINNED, DINNER, DIODES, DIPPED, DIPPER, DIRECT, DIRELY, DIREST, DIRGES, DIRKED, DISARM, DISBAR, DISCED, DISCOS, DISCUS, DISHED, DISHES, DISKED, DISMAL, DISMAY, DISOWN, DISPEL, DISSED, DISTAL, DISUSE, DITHER, DITTOS, DIVERS, DIVERT, DIVEST, DIVIDE, DIVINE, DIVING, DIVOTS, DJINNS, DOABLE, DOBIES, DOCENT, DOCILE, DOCKED, DOCKER, DOCKET, DODDER, DODGER, DODGES, DOFFER, DOGEAR, DOGGER, DOGGIE, DOGLEG, DOGNAP, DOINGS, DOLING, DOLLAR, DOLLED, DOLLOP, DOMAIN, DOMING, DOMINO, DONATE, DONKEY, DONNED, DONORS, DONUTS, DOODAD, DOODLE, DOPANT, DOPERS, DOPIER, DOPING, DORIES, DORMER, DORSAL, DOSAGE, DOSERS, DOSING, DOSSER, DOTERS, DOTIER, DOTING, DOTTED, DOTTER, DOTTLE, DOUBLE, DOUBLY, DOUBTS, DOUGHS, DOUGHY, DOURER, DOURLY, DOUSED, DOUSER, DOUSES, DOWELS, DOWERS, DOWERY, DOWING, DOWNED, DOWNER, DOWSED, DOWSER, DOZENS, DOZERS, DOZIER, DOZILY, DOZING, DRABLY, DRACHM, DRAFTS, DRAFTY, DRAGGY, DRAGON, DRAINS, DRAKES, DRAMAS, DRAPED, DRAPER, DRAPES, DRAPEY, DRAWED, DRAWER, DRAWLS, DRAWLY, DREADS, DREAMS, DREAMT, DREAMY, DREARY, DREDGE, DRENCH, DRESSY, DRIERS, DRIEST, DRIFTS, DRIFTY, DRIPPY, DRIVEL, DRIVEN, DRIVER, DRIVES, DROGUE, DROIDS, DROLLS, DROLLY, DRONED, DRONER, DRONES, DROOLS, DROOPS, DROOPY, DROPSY, DROVED, DROVES, DROWNS, DROWSE, DROWSY, DRUDGE, DRUIDS, DRUNKS, DRYADS, DRYERS, DRYEST, DRYING, DUALLY, DUBBED, DUBBER, DUCKED, DUCKER, DUCKIE, DUCTAL, DUCTED, DUELED, DUELER, DUELLO, DUFFEL, DUFFLE, DUGONG, DUGOUT, DUKING, DULCET, DULLED, DULLER, DUMBED, DUMBER, DUMBLY, DUMPED, DUMPER, DUNCES, DUNKED, DUNKER, DUNNED, DUPERS, DUPERY, DUPING, DUPLEX, DURESS, DURIAN, DURING, DUSKED, DUSTED, DUSTER, DUTIES, DWELLS, DYADIC, DYEING, DYNAMO, DYNAST,

EAGERS, EAGLED, EAGLES, EAGLET, EARBUD, EARFUL, EARING*, EARNED, EARNER, EARTHS, EARTHY, EARWAX, EARWIG, EASELS, EASERS*, EASIER, EASILY, EASING, EASTER, EATERS, EATING, EBBING, ECHOED, ECHOER, ECHOES, ECHOEY, ECLAIR, ECZEMA, EDDIED, EDDIES, EDEMAS, EDGERS*, EDGIER, EDGILY, EDGING, EDIBLE, EDICTS, EDITED, EDITOR, EELIER, EERIER, EERILY, EFFACE, EFFECT, EFFIGY, EFFORT, EGGING, EGGNOG, EGOISM, EGOIST, EGRESS, EGRETS, EIGHTH, EIGHTS, EIGHTY, EITHER, EJECTS, ELANDS, ELAPSE, ELATED, ELATER, ELATES, ELBOWS, ELDERS, ELDEST, ELECTS, ELEVEN, ELFISH, ELICIT, ELITES, ELIXIR, ELOPED, ELOPER, ELOPES, ELUDED, ELUDER, ELUDES, ELVERS, ELVISH, EMAILS, EMBALM, EMBANK, EMBARK, EMBEDS, EMBERS, EMBLEM, EMBODY, EMBOLI, EMBOSS, EMBRYO, EMERGE, EMOTED, EMOTER, EMOTES, EMPATH, EMPIRE, EMPLOY, EMPTOR, ENABLE, ENACTS, ENAMEL, ENAMOR, ENATES, ENCAGE, ENCAMP, ENCASE, ENCODE, ENCORE, ENDEAR, ENDERS, ENDING, ENDIVE, ENDOWS, ENDUED, ENDUES, ENDURE, ENDURO, ENEMAS, ENERGY, ENFACE, ENFOLD, ENGAGE, ENGILD, ENGINE, ENGIRD, ENGIRT, ENGULF, ENIGMA, ENJOIN, ENJOYS, ENLACE, ENLIST, ENMITY, ENOUGH, ENRAGE, ENRAPT, ENRICH, ENROBE, ENROLL, ENROLS, ENROOT, ENSIGN, ENSOUL, ENSUES, ENSURE, ENTAIL, ENTERS, ENTICE, ENTIRE, ENTITY, ENTOMB, ENTRAP, ENTREE, ENVIED, ENVIER, ENVIES, ENVOYS, ENWRAP, ENZYME, EPILOG, EPONYM, EQUALS, EQUATE, EQUIPS, EQUITY, ERASED, ERASER, ERASES, ERECTS, ERGOTS, ERNEST, ERODED, ERODES, EROTIC, ERRAND, ERRANT, ERRATA, ERRING, ERRORS, ERUPTS, ESCAPE, ESCORT, ESCROW, ESKIMO, ESPIED, ESPIES, ESSAYS, ESTATE, ESTEEM, ESTERS, ESTHER, ESTRAY, ESTRIN, ETCHED, ETCHER, ETCHES, ETHANE, ETHERS, ETHICS, ETHNIC, ETHNOS, ETHYLS, ETUDES, EULOGY, EUNUCH, EUREKA, EVADER, EVADES, EVENED, EVENER, EVENLY, EVENTS, EVICTS, EVILER, EVILLY, EVINCE, EVOKED, EVOKER, EVOKES, EVOLVE, EXACTS, EXALTS, EXCELS, EXCEPT, EXCESS, EXCISE, EXCITE, EXCUSE, EXEMPT, EXERTS, EXHALE, EXHORT, EXHUME, EXILES, EXISTS, EXITED, EXODUS, EXOTIC, EXPAND, EXPECT, EXPELS, EXPEND, EXPERT, EXPIRE, EXPIRY, EXPORT, EXPOSE, EXTANT, EXTEND, EXTENT, EXTOLL, EXTORT, EXTRAS, EXUDED, EXUDES, EXULTS,  EYEFUL, EYEING, EYELET, EYELID, 

FABLED, FABLER, FABLES, FABRIC, FACADE, FACERS, FACETS, FACEUP, FACIAL, FACILE, FACING, FACTOR, FACULA, FADERS, FADING, FAERIE, FAILED, FAINTS, FAIRED, FAIRER, FAIRLY, FAITHS, FAJITA, FAKERS, FAKERY, FAKING, FALCON, FALLEN, FALLER, FALLOW, FALSER, FALTER, FAMILY, FAMINE, FAMING, FAMISH, FAMOUS, FANDOM, FANGED, FANJET, FANNED, FANNER, FARCED, FARCER, FARCES, FARING, FARMED, FARMER, FAROFF, FARROW, FARTED, FASTED, FASTEN, FASTER, FATALE, FATHER, FATHOM, FATING, FATSOS, FATTED, FATTEN, FATTER, FAUCET, FAULTS, FAULTY, FAUNAE, FAUNAL, FAUNAS, FAVORS, FAVOUR, FAWNED, FAYING, FEALTY, FEARED, FEARER, FEASTS, FEATER, FEDORA, FEEBLE, FEEBLY, FEEDER, FEEING, FEELER, FEIGNS, FEINTS, FEISTY, FELINE, FELLAS, FELLED, FELLER, FELLOW, FELONS, FELONY, FELTED, FEMALE, FEMORA, FEMURS, FENCED, FENCER, FENCES, FENDED, FENDER, FENNEL, FERRET, FERRUM, FERULE, FERVID, FERVOR, FESCUE, FESSED, FESTAL, FESTER, FETING, FETISH, FETTED, FETTER, FEUDAL, FEUDED, FEVERS, FIANCE, FIASCO, FIBBED, FIBBER, FIBERS, FIBRES, FIBRIL, FIBRIN, FIBULA, FICHES, FICKLE, FICKLY, FIDDLE, FIDGET, FIELDS, FIENDS, FIERCE, FIESTA, FIFERS, FIFTHS, FIGGED, FIGHTS, FIGURE, FILERS, FILETS, FILIAL, FILING, FILLED, FILLER, FILLET, FILMED, FILTER, FILTHS, FILTHY, FINALE, FINALS, FINDER, FINELY, FINERY, FINEST, FINGER, FINIAL, FINING, FINISH, FINITE, FINKED, FINNED, FIRERS, FIRING, FIRMED, FIRMER, FIRMLY, FIRSTS, FISCAL, FISHED, FISHER, FISHES, FISTED, FITFUL, FITTED, FITTER, FIXATE, FIXERS, FIXING, FIZZED, FIZZER, FIZZES, FIZZLE, FJORDS, FLABBY, FLACON, FLAGON, FLAILS, FLAKED, FLAKER, FLAKES, FLAMBE, FLAMED, FLAMES, FLANGE, FLANKS, FLAPPY, FLARED, FLARES, FLASHY, FLASKS, FLATLY, FLAUNT, FLAVOR, FLAWED, FLAXEN, FLAYED, FLAYER, FLECHE, FLECKS, FLECKY, FLEDGE, FLEECE, FLEECY, FLEETS, FLESHY, FLETCH, FLEURY, FLEXED, FLEXES, FLEXOR, FLICKS, FLIERS, FLIEST, FLIGHT, FLIMSY, FLINCH, FLINGS, FLINTS, FLIRTS, FLIRTY, FLOATS, FLOATY, FLOCKS, FLOCKY, FLOODS, FLOORS, FLOOZY, FLORAE, FLORAL, FLORAS, FLORET, FLORID, FLOSSY, FLOURS, FLOURY, FLOUTS, FLOWED, FLOWER, FLUENT, FLUIDS, FLUKED, FLUKES, FLUMED, FLUMES, FLUNKS, FLUNKY, FLURRY, FLUTED, FLUTER, FLUTES, FLUXED, FLUXES, FLYERS, FLYING, FLYMAN, FLYWAY, FOALED, FOAMED, FOAMER*, FOBBED, FODDER, FOETAL, FOETUS, FOGEYS, FOGGED, FOGGER, FOIBLE, FOILED, FOLATE, FOLDED, FOLDER, FOLLOW, FOMENT, FONDED, FONDER, FONDLE, FONDLY, FONDUE, FONTAL, FOODIE, FOOLED, FOOTED, FOOTER, FOPPED, FORAGE, FORBAD, FORBID, FORCED, FORCER, FORCES, FORDED, FORDID, FOREBY, FOREDO, FOREGO, FOREST, FORGED, FORGER, FORGES, FORGET, FORGOT, FORKED, FORKER, FORMAL, FORMAT, FORMED, FORMER, FORMIC, FORSEE, FORTES, FORUMS, FOSSAE, FOSSIL, FOSTER, FOUGHT, FOULED, FOULER, FOULLY, FOUNTS, FOURTH, FOVEAE, FOVEAL, FOWLED, FOWLER, FOXIER, FOXILY, FOXING, FOYERS, FRAMED, FRAMER, FRAMES, FRAPPE, FRAUDS, FRAYED, FREAKS, FREAKY, FREELY, FREEST, FREEZE, FRENZY, FRESCO, FRIARS, FRIARY, FRIDGE, FRIEND, FRIERS, FRIGHT, FRIGID, FRILLS, FRILLY, FRINGE, FRINGY, FRISKY, FRIVOL, FRIZZY, FROCKS, FROLIC, FRONTS, FROSTS, FROSTY, FROTHS, FROTHY, FROWNS, FROZEN, FRUGAL, FRUITS, FRUITY, FRUMPY, FRYERS, FRYING, FRYPAN, FUDDLE, FUDGED, FUELED, FUELER, FUGUES, FUHRER, FULFIL, FULLED, FULLER, FUMBLE, FUMIER, FUMING, FUNDED, FUNDER, FUNGAL, FUNGIC, FUNGUS, FUNKED, FUNKER, FUNNEL, FUNNER, FURIES, FURLED, FURLER, FURRED, FURROW, FUSING, FUSION, FUSSED, FUSSER, FUSSES, FUTILE, FUTONS, FUTURE, FUZING, FUZZED, 

GABBED, GABBER, GABBLE, GABLED, GABLES, GADDED, GADDER, GADFLY, GADGET, GAFFED, GAFFER, GAGERS, GAGGED, GAGGER, GAGGLE, GAGING, GAIETY, GAINED, GAINER, GAINLY, GAINST, GAITED, GAITER, GALAXY, GALLED, GALLEY, GALLON, GALLOP, GALOPS, GALORE, GALOSH, GAMBIT, GAMBLE, GAMBOL, GAMELY, GAMERS, GAMEST, GAMETE, GAMIER, GAMILY, GAMINE, GAMING, GAMMAS, GANDER, GANGED, GANGER, GANGLY, GANNET, GANTRY, GAOLED, GAOLER, GAPERS, GAPING, GARAGE, GARBED, GARBLE, GARDEN, GARGLE, GARISH, GARLIC, GARNER, GARNET, GARRET, GARTER, GASBAG, GASHED, GASHER, GASHES, GASIFY, GASKET, GASLIT, GASMAN, GASMEN, GASPED, GASPER, GASSED, GASSER, GASSES, GATHER, GATING, GAUCHE, GAUGED, GAUGER, GAUGES, GAVELS, GAWKED, GAWKER, GAYEST, GAZEBO, GAZERS, GAZING, GEARED, GECKOS, GEIGER, GEISHA, GELATO, GELDED, GELDER, GELLED, GEMINI, GENDER, GENERA, GENEVA, GENIAL, GENIES, GENIUS, GENOME, GENRES, GENTIL, GENTLE, GENTLY, GENTRY, GEODES, GERBIL, GERMAN, GETTER, GEYSER, GHETTO, GHOSTS, GHOSTY, GHOULS, GIANTS, GIBBON, GIBLET, GIFTED, GIGGED, GIGGLE, GIGOLO, GIGUES, GILDED, GILDER, GILLED, GILLER, GIMLET, GIMPED, GINGER, GINGKO, GINKGO, GINNED, GINNER, GIODIC, GIRDED, GIRDER, GIRDLE, GIRLIE, GIRTHS, GIVENS, GIVERS, GIVING, GIZMOS, GLADES, GLADLY, GLAIVE, GLAMOR, GLANCE, GLANDS, GLARED, GLARES, GLASSY, GLAZED, GLAZER, GLAZES, GLEAMS, GLEAMY, GLEANS, GLIDED, GLIDER, GLIDES, GLINTS, GLITCH, GLOATS, GLOBAL, GLOBED, GLOBES, GLOOMS, GLOOMY, GLOPPY, GLORIA, GLOSSY, GLOVED, GLOVER, GLOVES, GLOWED, GLOWER, GLUERS, GLUIER, GLUING, GLUMLY, GLUTEN, GLYCOL, GLYPHS, GNARLS, GNARLY, GNAWED, GNAWER, GNOMES, GOADED, GOALED, GOALIE, GOATEE, GOBBED, GOBBLE, GOBLET, GOBLIN, GODSON, GOFERS, GOFFER, GOGGLE, GOINGS, GOITER, GOITRE, GOLDEN, GOLDER, GOLFED, GOLFER, GONERS, GONGED, GOOBER, GOODIE, GOODLY, GOOFED, GOOGLE, GOOGLY, GOOIER, GOONEY, GOOSED, GOOSEY, GOPHER, GORGED, GORGER, GORGES, GORIER, GORILY, GORING, GOSPEL, GOSSIP, GOTHIC, GOTTEN, GOUGED, GOUGER, GOURDE, GOURDS, GOVERN, GOWNED, GRABBY, GRACED, GRACES, GRADED, GRADER, GRADES, GRAFTS, GRAHAM, GRAILS, GRAINS, GRAINY, GRAMMY, GRANDE, GRANDS, GRANGE*, GRANNY, GRANTS, GRAPES, GRASPS, GRASSY, GRATED, GRATER, GRATES, GRATIN, GRATIS, GRAVED, GRAVEL, GRAVEN, GRAVER, GRAVES, GRAVID, GRAYED, GRAYER, GRAYLY, GRAZED, GRAZER, GRAZES, GREASE, GREASY, GREATS, GREAVE, GREEDS, GREEDY, GREENS, GREENY, GREETS, GREYED, GREYER, GREYLY, GRIDED, GRIEFS, GRIEVE, GRILLE, GRILLS, GRIMED, GRIMES, GRIMLY, GRINDS, GRIPED, GRIPER, GRIPES, GRIPEY, GRIPPY, GRISLY, GROANS, GROCER, GROGGY, GROINS, GROOMS, GROOVE, GROOVY, GROPED, GROPER, GROPES, GROTTO, GROUCH, GROUND, GROUPS, GROUSE, GROUTS, GROUTY, GROVED, GROVEL, GROVES, GROWED, GROWER, GROWLS, GROWLY, GROWTH, GRUBBY, GRUDGE, GRUELS, GRUFFY, GRUMPS, GRUMPY, GRUNGE, GRUNTS, GUARDS, GUAVAS, GUESTS, GUIDED, GUIDER, GUIDES, GUILDS, GUILED, GUILES, GUILTS, GUILTY, GUINEA, GUISED, GUISES, GUITAR, GULDEN, GULFED, GULLED, GULLET, GULLEY, GULPED, GULPER, GUMBOS, GUMMED, GUMMER, GUNKED, GUNMAN, GUNMEN, GUNNED, GUNNER, GURGLE, GURNEY, GUSHED, GUSHER, GUSHES, GUSSET, GUSTED, GUTTED, GUTTER, GUZZLE, GYRATE, GYRING, 

HABITS, HACKED, HACKER, HACKLE, HACKLY, HADING, HAFTED, HAFTER, HAGGLE, HAIKUS, HAILED, HAILER, HAIRDO, HAIRED, HALERS, HALEST, HALIDE, HALING, HALLOW, HALOED, HALOES, HALTED, HALTER, HALVED, HALVES, HAMLET, HAMMED, HAMMER, HAMPER, HANDED, HANDLE, HANGAR, HANGED, HANGER, HANGUP, HANKED, HANKER, HANKIE, HAPPEN, HAPTIC, HARASS, HARBOR, HARDEN, HARDER, HARDLY, HAREMS, HARING, HARKED, HARKEN, HARLOT, HARMED, HARMER, HARPED, HARPER, HARROW, HASHED, HASHES, HASPED, HASSLE, HASTED, HASTEN, HASTES, HATBOX, HATERS, HATFUL, HATING, HATPIN, HATRED, HATTED, HATTER, HAULED, HAULER, HAUNTS, HAVENS, HAVERS, HAVING, HAWING, HAWKED, HAWKER, HAWSER, HAYING, HAZARD, HAZELS, HAZIER, HAZILY, HAZING, HEADED, HEADER, HEALED, HEALER, HEALTH, HEAPED, HEARER, HEARSE, HEARTH, HEARTS, HEARTY, HEATED, HEATER, HEATHS, HEATHY, HEAVED, HEAVEN, HEAVER, HEAVES, HECKLE, HECTOR, HEDGED, HEDGER, HEDGES, HEEDER, HEELED, HEELER, HEFTED, HEFTER, HEGIRA, HEIGHT, HEILED, HEIRED, HEISTS, HELIUM, HELLED, HELLER, HELLOS, HELMED, HELMET, HELPED, HELPER, HELVED, HEMMED, HEMMER, HEMPEN, HEPTAD, HERALD, HERBAL, HERBED, HERDED, HERDER, HEREAT, HEREBY, HEREIN, HEREOF, HEREON, HERESY, HERETO, HERMIT, HERNIA, HEROES, HEROIC, HERONS, HEWERS, HEWING, HEXERS, HEXING, HEXONE, HEYDAY, HIATAL, HIATUS, HICCUP, HICKEY, HIDDEN, HIDERS, HIDING, HIEING, HIGGLE, HIGHER, HIGHTS, HIJACK, HIKERS, HIKING, HILLED, HILLER, HILTED, HINDER, HINGED, HINGER, HINGES, HINTED, HINTER, HIPPED, HIPPER, HIPPIE, HIPPOS, HIRERS, HIRING, HISSED, HISSER, HISSES, HISTED, HITHER, HITMAN, HITMEN, HITTER, HIVING, HOAGIE, HOARSE, HOAXED, HOAXER, HOAXES, HOBBIT, HOBBLE, HOBNOB, HOCKED, HOCKER, HOCKEY, HOEING, HOGGER, HOGNUT, HOGTIE, HOISTS, HOKIER, HOKING, HOLDEN, HOLDER, HOLDUP, HOLIER, HOLIES*, HOLING, HOLLER, HOLLOW, HOMAGE, HOMELY, HOMERS, HOMIER, HOMILY, HOMING, HOMINY, HONCHO, HONERS, HONEST, HONIED, HONING, HONKED, HONKER, HONOUR, HOODED, HOODIE, HOOFED, HOOFER, HOOKAH, HOOKED, HOOKER, HOOKEY, HOOKUP, HOOPED, HOOPER, HOOPLA, HOORAH, HOORAY, HOOTED, HOOTER, HOOVER, HOOVES, HOPERS, HOPING, HOPPED, HOPPER, HORACE, HORDED, HORDES, HORNED, HORNER, HORNET, HORRID, HORSED, HORSES, HORSEY, HOSIER, HOSING, HOSTED, HOSTEL, HOSTLY, HOTBED, HOTDOG, HOTELS, HOTKEY, HOTROD, HOTTED, HOTTER, HOUNDS, HOURLY, HOUSED, HOUSER, HOUSES, HOVERS, HOWLED, HOWLER, HUBCAP, HUBRIS, HUDDLE, HUFFED, HUGELY, HUGEST, HUGGED, HUGGER, HULKED, HULLED, HULLER, HUMANE, HUMANS, HUMBLE, HUMBLY, HUMBUG, HUMERI, HUMMED, HUMMER, HUMMUS, HUMORS, HUMOUR, HUMPED, HUNGER, HUNGRY, HUNKER, HUNTED, HUNTER, HURDLE, HURLED, HURLER, HURRAY, HURTER, HURTLE, HUSHED, HUSHES, HUSKED, HUSKER, HUSTLE, HYAENA, HYBRID, HYDRAE, HYDRIC, HYDROS, HYMNAL, HYMNED, HYPHEN, HYPING, HYPOED,

IAMBIC, ICEBOX, ICECAP, ICEMAN, ICEMEN, ICICLE, ICIEST, ICINGS, ICKIER, ICONIC, IDEALS, IDEATE, IDIOCY, IDIOMS, IDIOTS, IDLERS, IDLEST, IDLING, IFFIER, IGLOOS, IGNITE, IGNORE, IGUANA, ILLEST, ILLUME, IMAGED, IMAGER, IMAGES, IMBEDS, IMBUED, IMBUES, IMMUNE, IMMURE, IMPACT, IMPAIR, IMPALA, IMPALE, IMPART, IMPEDE, IMPELS, IMPEND, IMPING, IMPISH, IMPORT, IMPOSE, IMPOST, IMPUGN, IMPURE, IMPUTE, INANER, INANES, INBORN, INCASE, INCEPT, INCHED, INCHES, INCISE, INCITE, INCOME, INCURS, INDEED, INDENT, INDICT, INDIGO, INDITE, INDIUM, INDOOR, INDOWS, INDUCE, INDUCT, INERTS, INFAMY, INFANT, INFECT, INFERS, INFEST, INFIRM, INFLOW, INFLUX, INFOLD, INFORM, INFUSE, INGATE, INGEST, INGLES*, INGOTS, INGULF, INHALE, INHAUL, INHERE, INJECT, INJURE, INKERS, INKIER, INKING, INKJET, INJURY, INKLES, INKPOT, INLAID, INLAND, INLAYS, INLETS, INLIER, INLINE, INMATE, INMOST, INNATE, INNERS, INNING, INPUTS, INROAD, INRUSH, INSANE, INSEAM, INSECT, INSERT, INSETS, INSIDE, INSIST, INSOLE, INSTAL, INSTEP, INSTIL, INSULT, INSURE, INTACT, INTAKE, INTEND, INTENT, INTERN, INTERS, INTONE, INTROS, INTUIT, INTURN, INURED, INURES, INVADE, INVENT, INVERT, INVEST, INVITE, INVOKE, INWARD, IODIDE, IODINE, IODIZE, IONISE, IONIZE, IPECAC, IRATER, IREFUL, IRISES, IRKING, IRONED, IRONER, IRONES, IRONIC, ISLAND, ISLETS, ISLING, ISOLOG, ISOMER, ISOPOD, ISSUED, ISSUER, ISSUES, ITALIC, ITCHED, ITCHES, ITEMED, ITSELF,

JABBED, JABBER, JACKAL, JACKED, JACKER, JACKET, JADING, JAGGED, JAGGER, JAGUAR, JAILED, JAILER, JAMBED, JAMMER, JANGLE, JANGLY, JAPING, JARFUL, JARGON, JARRED, JAUNTY, JAWING, JAZZED, JAZZER, JEERED, JELLED, JERKED, JERKER, JERSEY, JESTED, JESTER, JETSAM, JETTED, JETWAY, JEWELS, JIGGED, JIGGLE, JIGSAW, JINGLE, JINGLY, JINXED, JINXES, JITTER, JOBBED, JOCKEY, JOCUND, JOGGED, JOGGER, JOGGLE, JOINED, JOINER, JOINTS, JOJOBA, JOKERS, JOKING, JOLTED, JOLTER, JOSHED, JOSHER, JOSTLE, JOTTED, JOTTER, JOUNCE, JOUNCY, JOUSTS, JOVIAL, JOWLED, JOYFUL, JOYING, JOYOUS, JUBILE, JUDDER, JUDGED, JUDGER, JUDGES, JUGFUL, JUGGED, JUGGLE, JUICED, JUICER, JUICES, JUJUBE, JUKING, JUMBLE, JUMPED, JUMPER, JUNGLE, JUNIOR, JUNKED, JUNKER, JUNKIE, JURIED, JURIES, JURIST, JUSTED, JUSTER, JUSTLE, JUSTLY, JUTTED, 

KABALA, KABOOM, KABUKI, KAISER, KAPPAS, KAPUTT, KARATE, KARATS, KARMIC, KAZOOS, KEBABS, KEELED, KEELER, KEENED, KEENER, KEENLY, KEEPER, KEGGER, KELPED, KELPIE, KELTIC, KELVIN, KENNEL, KERNED, KERNEL, KETONE, KETTLE, KEVLAR, KEYING, KEYMAN, KEYPAD, KEYSET, KEYWAY, KHAKIS, KIBBLE, KICKED, KICKER, KICKUP, KIDDED, KIDDER, KIDDIE, KIDNAP, KIDNEY, KILLED, KILLER, KILNED, KILTED, KILTER, KIMONO, KINDER, KINDLE, KINDLY, KINGED, KINGLY, KINKED, KIOSKS, KIPPER, KISMET, KISSED, KISSER, KISSES, KITERS, KITING, KITTED, KITTEN, KLATCH, KNACKS, KNAVES, KNEADS, KNEELS, KNIFED, KNIFER, KNIFES, KNIGHT, KNIVES, KNOBBY, KNOCKS, KNOTTY, KNOWER, KNOWNS, KNURLY, KOALAS, KOBOLD, KODIAK, KOSHER, KOWTOW, KRAKEN, KRILLS, 

LAAGER, LABELS, LABILE, LABOUR, LACERS*, LACIER, LACILY, LACING, LACKED, LACKER, LACKEY, LACTIC, LACUNA, LADDER, LADDIE, LADERS, LADIES, LADING, LADLED, LADLER, LADLES, LAGERS, LAGGED, LAGGER, LAGOON, LAGUNA, LAIRDS, LAIRED, LAKERS, LAKIER, LAKING, LAMBDA, LAMBED, LAMBER, LAMENT, LAMEST, LAMIAS, LAMINA, LAMING, LAMMED, LAMPED, LANAIS, LANCED, LANCER, LANCES, LANCET, LANDED, LANDER, LANKER, LANKLY, LAPDOG, LAPELS, LAPFUL, LAPPED, LAPPER, LAPSED, LAPSER, LAPSES, LAPTOP, LARDED, LARDER, LARGER, LARGES, LARIAT, LARKED, LARKER, LARVAE, LARYNX, LASERS, LASHED, LASHER, LASHES, LASING, LASSES, LASSIE, LASSOS, LASTED, LASTER, LASTLY, LATELY, LATENS, LATENT, LATEST, LATHED, LATHER, LATHES, LATING*, LATKES, LATTEN, LATTER, LATTES, LAUDED, LAUDER, LAUGHS, LAUNCH, LAUREL, LAVERS, LAVING, LAVISH, LAWFUL, LAWING, LAWMAN, LAWMEN, LAWYER, LAXEST, LAXITY, LAYERS, LAYING, LAYMAN, LAYMEN, LAYOFF, LAYOUT, LAZIED, LAZIER, LAZILY, LAZING, LEACHY, LEADED, LEADEN, LEADER, LEAFED, LEAGUE, LEAKED, LEAKER, LEANED, LEANER, LEANLY, LEAPED, LEAPER, LEARNS, LEARNT, LEASED, LEASER, LEASES, LEASTS, LEAVED, LEAVEN, LEAVER, LEAVES, LECHER, LECTOR, LEDGER, LEDGES, LEERED, LEEWAY, LEFTER, LEGACY, LEGALS, LEGATE, LEGATO, LEGEND, LEGGED, LEGION, LEGMAN, LEGMEN, LEGUME, LEMONS, LEMONY, LEMURS, LENDER, LENGTH, LENSED, LENSES, LENTIL, LEPERS, LESION, LESSEN, LESSER, LESSON, LESSOR, LETHAL, LETHES, LETTED, LETTER, LEVEED, LEVEES, LEVELS, LEVERS, LEVIED, LEVIER, LEVIES, LEWDER, LEWDLY, LIABLE, LIAISE, LIANAS, LIBBED, LIBBER, LIBELS, LIBERS, LIBIDO, LIBRAS, LICHEE, LICHEN, LICKED, LICKER, LIDDED, LIEGES, LIFERS, LIFTED, LIFTER, LIGATE, LIGHTS, LIGNIN, LIKELY, LIKENS, LIKERS, LIKEST, LIKING, LILIED, LILIES, LILTED, LIMBED, LIMBER, LIMBIC, LIMBOS, LIMIER, LIMING, LIMITS, LIMNED, LIMPED, LIMPER, LIMPET, LIMPID, LIMPLY, LINAGE, LINDEN, LINEAL, LINEAR, LINENS, LINENY, LINERS, LINEUP, LINGAS, LINGER, LINGUA, LINIER, LINING, LINKED, LINKER, LINKUP, LINTEL, LINTER, LIPASE, LIPIDS, LIPPED, LIPPER, LIQUID, LIQUOR, LISPED, LISPER, LISTED, LISTEN, LISTER, LITANY, LITCHI, LITERS, LITHER, LITHIC, LITMUS, LITRES, LITTER, LITTLE, LIVELY, LIVENS, LIVERS, LIVERY, LIVEST, LIVING, LIVRES, LIZARD, LLAMAS, LOADED, LOADER, LOAFED, LOAFER, LOAMED, LOANED, LOANER, LOATHE, LOAVES, LOBBED, LOBBER, LOBULE, LOCALE, LOCALS, LOCATE, LOCKED, LOCKER, LOCKET, LOCKUP, LOCOED, LOCUST, LODGED, LODGER, LODGES, LOFTED, LOFTER, LOGGED, LOGGER, LOGICS, LOGIER, LOGWAY, LOITER, LOLLED, LOLLOP, LONELY, LONERS, LONGED, LONGER, LONGLY, LONGUE, LOOFAH, LOOKED, LOOKER, LOOKUP, LOOMED, LOONEY, LOOPED, LOOPER, LOOSED, LOOSEN, LOOSER, LOOTED, LOOTER, LOPERS*, LOPING, LOPPED, LOPPER, LOQUAT, LORDED, LORDLY, LOSERS, LOSING, LOSSES, LOTION, LOTTED, LOTTOS, LOUDEN, LOUDER, LOUDLY, LOUNGE, LOUNGY, LOUPED, LOUSED, LOUSES, LOUTED, LOVELY, LOVERS, LOVING, LOWBOY, LOWERS, LOWERY, LOWEST, LOWFAT, LOWING, LOWISH, LOXING, LUBBER, LUCENT, LUCKED, LUFFED, LUGGED, LUGGER, LULLED, LUMBAR, LUMBER, LUMINA, LUMMOX, LUMPED, LUMPEN, LUMPER, LUNACY, LUNARS, LUNATE, LUNGED, LUNGER, LUNGES, LUNKER, LUPINE, LUPINS, LURERS, LURING, LURKED, LURKER, LUSHED, LUSHER, LUSHES*, LUSHLY, LUSTED, LUSTER, LUSTRE*, LUTING, LUTIST, LYCHEE, LYINGS, LYRICS, LYRIST, LYSINE,

MACAWS, MACERS, MACHOS, MACING, MACRON, MACROS, MACULA, MADAME, MADAMS, MADCAP, MADDED, MADDEN, MADDER, MADMAN, MADMEN, MADRES, MAENAD, MAFIAS, MAGGOT, MAGMAS, MAGNET, MAGNUM, MAGPIE, MAIDEN, MAILED, MAILER, MAIMED, MAIMER, MAINED, MAINLY, MAITRE, MAKERS, MAKEUP, MAKING, MALADY, MALICE, MALIGN, MALINE, MALLED, MALLET, MALTED, MAMBAS, MAMBOS, MAMMAE, MAMMAL, MANAGE, MANEGE, MANFUL, MANGER, MANGEY, MANGLE, MANGOS, MANIAC, MANIAS, MANICS, MANILA, MANNED, MANNER, MANORS, MANTAS, MANTEL, MANTIC, MANTID, MANTIS, MANTLE, MANTRA, MANUAL, MANURE, MAPLES, MAPPED, MAPPER, MARACA, MARBLE, MARBLY, MARCEL, MARGIN, MARINA, MARINE, MARISH, MARKED, MARKER, MARKET, MARLED, MARLIN, MARMOT, MAROON, MARQUE, MARRED, MARROW, MARSHY, MARTED, MARTEN, MARTIN, MARTYR, MASCOT, MASERS, MASHED, MASHER, MASHES, MASHIE, MASHUP, MASKED, MASKER, MASONS, MASQUE, MASSED, MASSES, MASSIF, MASTED, MASTER, MASTIC, MATERS, MATEYS, MATING, MATINS, MATRIX, MATRON, MATTED, MATTER, MATTES, MATURE, MAULED, MAULER, MAXIMA, MAXING, MAYDAY, MAYEST, MAYFLY, MAYHAP, MAYHEM, MAYING, MAYORS, MAZIER, MAZING, MEADOW, MEAGER, MEALIE, MEANER, MEANIE, MEANLY, MEASLE, MEASLY, MEDALS, MEDDLE, MEDIAL, MEDIAN, MEDIAS, MEDICO, MEDICS, MEDIUM, MEDKIT, MEDLEY, MEDUSA, MEEKER, MEEKLY, MEETER, MEETLY, MELDED, MELDER, MELEES, MELLOW, MELODY, MELONS, MELTED, MELTER, MEMBER, MEMOIR, MEMORY, MENACE, MENAGE, MENDED, MENDER, MENIAL, MENTAL, MENTEE, MENTOR, MEOWED, MERCER, MERELY, MEREST, MERGED, MERGER, MERGES, MERINO, MERITS, MERLIN, MERLOT, MERMAN, MESCAL, MESHED, MESHES, MESSED, MESSES, METALS, METEOR, METERS, METHOD, METHYL, METIER, METING, METRED, METRES, METRIC, METROS, METTLE, MEWING, MEWLED, MEWLER, MIASMA, MICRON, MICROS, MIDAIR, MIDDAY, MIDDLE, MIDGUT, MIDLEG, MIDRIB, MIDSTS, MIDWAY, MIFFED, MIGHTS, MIGHTY, MIGNON, MILADY, MILAGE, MILDEN, MILDER, MILDEW, MILDLY, MILERS*, MILIEU, MILKED, MILKER, MILLED, MILLER, MILLES, MILORD, MIMERS, MIMICS, MIMING, MIMOSA, MINCED, MINCER, MINCES, MINDED, MINDER, MINERS, MINGLE, MINIMA, MINIMS, MINING, MINION, MINNOW, MINORA, MINORS, MINTED, MINTER, MINUET, MINUTE, MIOSIS, MIOTIC, MIRAGE, MIRIER, MIRING, MIRROR, MIRTHS, MISACT, MISADD, MISAIM, MISCUE, MISCUT, MISDID, MISERS, MISFIT, MISHAP, MISLAY, MISLED, MISSAL, MISSED, MISSES, MISTED, MISTER, MISUSE, MITERS, MITIER, MITRAL, MITRES, MITTEN, MIXERS, MIXING, MOANED, MOATED, MOBBED, MOBBER, MOBCAP, MOBILE, MOCHAS, MOCKED, MOCKER, MOCKUP, MODELS, MODEMS, MODERN, MODEST, MODIFY, MODULA, MODULE, MOGULS, MOHAWK, MOILED, MOILER, MOLARS, MOLDED, MOLDER, MOLTED, MOLTEN, MOLTER, MOMENT, MONDAY, MONGER, MONGOL, MONGST, MONIED, MONIES, MONKEY, MONTHS, MOOING, MOOLAH, MOONED, MOORED, MOOTED, MOOTER, MOPEDS, MOPERS, MOPIER, MOPING, MOPISH, MOPPED, MOPPER, MOPPET, MORALE, MORALS, MORAYS, MORBID, MORGAN, MORGUE, MORONS, MOROSE, MORPHO, MORPHS, MORROW, MORSEL, MORTAL, MORTAR, MORTEM, MOSAIC, MOSHED, MOSHES, MOSQUE, MOSSED, MOSSER, MOSSES, MOSTLY, MOTELS, MOTETS, MOTHER, MOTIFS, MOTILE, MOTION, MOTIVE, MOTLEY, MOTORS, MOTTOS, MOULDY, MOUNTS, MOURNS, MOUSED, MOUSER, MOUSES, MOUSEY, MOUSSE, MOUTHS, MOUTHY, MOVERS, MOVIES, MOVING, MOWING, MUCKED, MUCKER, MUCOUS, MUDCUP, MUDDED, MUDDER, MUDDLE, MUESLI, MUFFED, MUFFLE, MUGGED, MUGGER, MULING, MULLAH, MULLED, MULLER, MULLET, MUMBLE, MUMBLY, MUMPED, MUMPER, MUNCHY, MURALS, MURDER, MURINE, MURING, MURKER, MURKLY, MUSCAT, MUSCLE, MUSCLY, MUSERS, MUSEUM, MUSHED, MUSHER, MUSHES, MUSING, MUSKEG, MUSKET, MUSKIE, MUSSED, MUSSEL, MUSTED, MUSTER, MUTANT, MUTATE, MUTELY, MUTEST, MUTING, MUTISM, MUTTER, MUTTON, MUTUAL, MUZZLE, MYOPIA, MYOPIC, MYOSIN, MYRIAD, MYSELF, MYSTIC, MYTHIC,

NABBED, NACHOS, NADIRS, NAGGED, NAGGER, NAILED, NAILER, NAMELY, NAMERS, NAMING, NAPALM, NAPKIN, NAPPED, NAPPER, NAPPIE, NARCOS, NARKED, NARROW, NASALS, NATION, NATIVE, NATTER, NATURE, NAUGHT, NAUSEA, NAUTCH, NAVELS, NAVIES, NEARBY, NEARED, NEARER, NEARLY, NEATEN, NEATER, NEATLY, NEBULA, NEBULE, NECKED, NECTAR, NEEDED, NEEDER, NEEDLE, NEGATE, NEIGHS, NEONED, NEPHEW, NEREID, NERVED, NERVES, NESTED, NESTER, NESTLE, NESTOR, NETHER, NETTED, NETTER, NETTLE, NEURAL, NEURON, NEUTER, NEWEST, NEWISH, NEWTON, NEXTLY, NIACIN, NIBBED, NIBBLE, NICELY, NICEST, NICETY, NICHED, NICHES, NICKED, NICKEL, NICKER, NICKLE, NIECES, NIGHED, NIGHER, NIGHTS, NIGHTY, NILLED, NIMBLE, NIMBUS, NINETY, NINJAS, NINTHS, NIPPED, NIPPER, NITERS, NITRES, NITROS, NITWIT, NIXING, NOBBLE, NOBLER, NOBLES, NOBODY, NOCKED, NODDED, NODDER, NODULE, NOGGIN, NOIRES, NOISED, NOISES, NOMADS, NONAGE, NONFAT, NOODLE, NOOSED, NOOSER, NOOSES, NORMAL, NORMAN, NORMED, NORTHS, NOSHED, NOSIER, NOSILY, NOSING, NOSTER, NOTARY, NOTATE, NOTERS, NOTICE, NOTIFY, NOTING, NOTION, NOUGAT, NOUGHT, NOUNAL, NOVELS, NOVENA, NOVICE, NOWISE, NOZZLE, NUANCE, NUBBIN, NUBBLE, NUBBLY, NUCLEI, NUDELY, NUDEST, NUDGED, NUDGER, NUDGES, NUDIES, NUDISM, NUDIST, NUDITY, NUGGET, NUKING, NULLED, NUMBED, NUMBER, NUMBLY, NUNISH, NURSED, NURSER, NURSES, NUTLET, NUTMEG, NUTRIA, NUTTED, NUTTER, NUZZLE, NYMPHS, 

OAFISH, OARING, OATERS, OBEYED, OBEYER, OBITER, OBJECT, OBLATE, OBLIGE, OBLONG, OBOIST, OBSESS, OBTAIN, OBTUSE, OCCULT, OCCUPY, OCCURS, OCEANS, OCELOT, OCHERS, OCHRED, OCHRES, OCTADS, OCTANE, OCTANT, OCTAVE, OCTAVO, OCTETS, OCTOPI, OCULAR, OCULUS, ODDEST, ODDISH, ODDITY, ODIOUS, ODORED, ODOURS, OEUVRE, OFFCUT, OFFEND, OFFERS, OFFICE, OFFING, OFFISH, OFFPAY, OFFSET, OFTEST, OGLERS, OGLING, OGRISH, OHMAGE, OILCAN, OILCUP, OILERS, OILIER, OILING, OILMAN, OILMEN, OILWAY, OINKED, OKAYED, OLDEST, OLDIES, OLDISH, OLIVES, OMBRES, OMEGAS, OMELET, OMENED, OMNIUM, ONAGER, ONESIE, ONIONS, ONIONY, ONLINE, ONRUSH, ONSETS, ONSIDE, ONSITE, ONWARD, ONYXES, OOCYTE, OODLES, OOLITE, OOLITH, OOLOGY, OOLONG, OOZIER, OOZILY, OOZING, OPAQUE, OPENED, OPENER, OPENLY, OPERAS, OPIATE, OPINED, OPINER, OPINES, OPPOSE, OPTICS, OPTIMA, OPTING, OPTION, ORACLE, ORALLY, ORANGE, ORANGS, ORANGY, ORATED, ORATES, ORATOR, ORBING, ORBITS, ORCHID, ORDAIN, ORDEAL, ORDERS, ORDURE, ORGANS, ORGEAT, ORIENT, ORIGIN, ORIOLE, ORNATE, ORNERY, ORPHAN, ORPHIC, ORRERY, OSCULA, OSCULE, OSMIUM, OSMOSE, OSPREY, OSTIUM, OTHERS, OTTERS, OUGHTS, OUNCES, OUSTED, OUSTER, OUTAGE, OUTBID, OUTBOX, OUTCRY, OUTDID, OUTERS*, OUTFIT, OUTFOX, OUTGUN, OUTHIT, OUTING, OUTLAW, OUTLAY, OUTLET, OUTLIE, OUTPUT, OUTRAN, OUTRUN, OUTSET, OUTWIT, OVALLY, OVERDO, OVERED, OVERLY, OVINES, OVULAR, OVULES, OWLETS, OWLISH, OWNERS, OWNING, OXALIC, OXCART, OXFORD, OXIDES, OXTAIL, OXTERS, OXYGEN, OYSTER, OZONES, OZONIC,

PABLUM, PACERS, PACIFY, PACING, PACKED, PACKER, PACKET, PADDED, PADDLE, PADRES, PAELLA, PAEONS, PAGANS, PAGERS, PAGING, PAGODA, PAINED, PAINTS, PAINTY, PAIRED, PAJAMA, PALACE, PALATE, PALELY, PALEST, PALETS, PALIER, PALING, PALISH, PALLED, PALLET, PALLID, PALLOR, PALMED, PALMER, PALTER, PALTRY, PAMPER, PANDAS, PANDER, PANELS, PANFUL, PANICS, PANIER, PANNED, PANTED, PANTIE, PANTRY, PANZER, PAPAYA, PAPERS, PAPERY, PAPIER, PAPUAN, PAPULE, PAPYRI, PARADE, PARCEL, PARDON, PARENT, PARERS, PARIAH, PARING, PARISH, PARITY, PARKED, PARKER, PARLAY, PARLEY, PARLOR, PARODY, PAROLE, PAROLS, PARRED, PARROT, PARSEC, PARSED, PARSER, PARSES, PARSON, PARTED, PARTLY, PASCAL, PASHES, PASSED, PASSER, PASSES, PASTAS, PASTED, PASTEL, PASTER, PASTES, PASTOR, PASTRY, PATCHY, PATENT, PATERS, PATHOS, PATINA, PATIOS, PATROL, PATRON, PATTED, PATTER, PATTIE, PAUNCH, PAUPER, PAUSED, PAUSER, PAUSES, PAVERS, PAVING, PAWERS, PAWING, PAWNED, PAWNEE, PAWNER, PAYDAY, PAYEES, PAYERS, PAYING, PAYOFF, PAYOUT, PEACED, PEACES, PEACHY, PEAKED, PEALED, PEANUT, PEAPOD, PEARED, PEARLS, PEARLY, PEAVEY, PEBBLE, PEBBLY, PECANS, PECKED, PECTIC, PECTIN, PEDALS, PEDANT, PEDDLE, PEDLAR, PEDLER, PEDROS, PEEKED, PEELED, PEELER, PEENED, PEEPED, PEEPER, PEERED, PEEVED, PEEVES, PEEWEE, PEEWIT, PEGBOX, PEGGED, PEKANS, PELAGE, PELLET, PELTED, PELTER, PELVIC, PELVIS, PENCIL, PENDED, PENMAN, PENMEN, PENNED, PENNER, PENTAD, PENULT, PENURY, PEOPLE, PEPLUM, PEPPED, PEPPER, PEPSIN, PEPTIC, PERILS, PERIOD, PERISH, PERKED, PERMED, PERMIT, PERSON, PERTER, PERUSE, PESTER, PESTLE, PETALS, PETARD, PETERS, PETITE, PETROL, PETTED, PETTER, PEWTER, PEYOTE, PHASED, PHASER, PHASES, PHASIC, PHENOL, PHENOM, PHIALS, PHLEGM, PHOBIA, PHOBIC, PHONAL, PHONED, PHONES, PHONEY, PHONIC, PHOTIC, PHOTON, PHOTOS, PHRASE, PHYLAE, PHYSIC, PIANIC, PIANOS, PIAZZA, PIAZZE, PICARO, PICKAX, PICKED, PICKER, PICKET, PICKLE, PICKUP, PICNIC, PICOTS, PIDDLE, PIDDLY, PIECED, PIECER, PIECES, PIEING, PIERCE, PIGEON, PIGGED, PIGGIE, PIGGIN, PIGLET, PIGNUT, PIGPEN, PIKING, PILATE, PILEUP, PILFER, PILING, PILLAR, PILLOW, PILOTS, PIMPED, PIMPLE, PIMPLY, PINATA, PINCER, PINEAL, PINGED, PINGER, PINING, PINKED, PINKER, PINKIE, PINKLY, PINNAE, PINNER, PINOLE, PINTAS, PINTOS, PINUPS, PIPERS, PIPETS, PIPING, PIPITS, PIPPED, PIQUED, PIQUES, PIRACY, PIRATE, PIROGI,PISCES,  PISTOL, PISTON, PITCHY, PITIED, PITIER, PITIES, PITMAN, PITMEN, PITONS, PITSAW, PITTED, PITTER, PIVOTS, PIXELS, PIXIES, PIZAZZ, PIZZAS, PLACED, PLACER, PLACES, PLACID, PLAGAL, PLAGUE, PLAICE, PLAIDS, PLAINS, PLAINT, PLAITS, PLANAR, PLANED, PLANER, PLANES, PLANET, PLANKS, PLANTS, PLAQUE, PLASMA, PLASMS, PLATED, PLATER, PLATES, PLAYED, PLAYER, PLEADS, PLEASE, PLEATS, PLEDGE, PLENTY, PLENUM, PLEURA, PLEXUS, PLIANT, PLIERS, PLIGHT, PLINTH, PLOUGH, PLOVER, PLOWED, PLOWER, PLOYED, PLUCKY, PLUMED, PLUMES, PLUMMY, PLUMPS, PLUNGE, PLUNKS, PLURAL, PLUSES, PLUSHY, PLYERS, PLYING, POACHY, POCKET, PODDED, PODIUM, POETIC, POETRY, POINTE, POINTS, POINTY, POISED, POISER, POISES, POISON, POKERS, POKIER, POKIES, POKILY, POKING, POLARS, POLDER, POLERS, POLICE, POLICY, POLING, POLISH, POLITE, POLLED, POLLEN, POLLER, POLYPS, POMADE, POMELO, POMMEL, POMPOM, PONCHO, PONDER, PONIED, PONIES, POODLE, POOLED, POORER, POORLY, POPERY, POPISH, POPLAR, POPLIN, POPPED, POPPER, POPPET, POPULI, POPULO, PORING, PORKER, POROSE, POROUS, PORTAL, PORTED, PORTER, PORTLY, POSERS, POSEUR, POSHER, POSIES, POSING, POSSES, POSSUM, POSTAL, POSTED, POSTER, POTAGE, POTASH, POTATO, POTBOY, POTEEN, POTENT, POTFUL, POTHER*, POTION, POTMAN, POTMEN, POTPIE, POTSIE, POTTED, POTTER, POUCHY, POUNCE, POUNDS, POURED, POURER, POUTED, POUTER, POWDER, POWERS, POWWOW, PRAISE, PRANCE, PRANKS, PRARIE*, PRATED, PRATER, PRATES, PRAWNS, PRAYED, PRAYER, PREACH, PREARM, PRECIS, PRECUT, PREENS, PREFER, PREFIX, PRELIM, PREMED, PREMIE, PREMIX, PREPAY, PREPPY, PRESET, PRESTO, PRETTY, PREWAR, PREYED, PREYER, PRICED, PRICER, PRICES, PRICEY, PRICKS, PRICKY, PRIDED, PRIDES, PRIERS, PRIEST, PRIMAL, PRIMED, PRIMER, PRIMES, PRIMLY, PRINCE, PRINTS, PRIORE*, PRIORI, PRISED, PRISES, PRISMS, PRISON, PRISSY, PRIVET, PRIZED, PRIZER, PRIZES, PROBED, PROBER, PROBES, PROFIT, PROLES, PROLOG, PROMPT, PRONGS, PRONTO, PROOFS, PROPEL, PROPER, PROPYL, PROSED, PROSER, PROSES, PROSIT, PROTEA, PROTON, PROVED, PROVEN, PROVER, PROWAR, PROWLS, PRUDES, PRUNED, PRUNER, PRUNES, PRYERS, PRYING, PSALMS, PSEUDO, PSYCHE, PSYCHO, PSYCHS, PUBLIC, PUCKER, PUDDLE, PUDDLY, PUEBLO, PUFFED, PUFFER, PUFFIN, PUGGED, PULERS, PULING, PULLED, PULLER, PULLET, PULLEY, PULLUP, PULPED, PULPER, PULSAR, PULSED, PULSER, PULSES, PUMICE, PUMMEL, PUMPED, PUMPER, PUNCHY, PUNDIT, PUNIER, PUNILY, PUNISH, PUNKER, PUNNED, PUNNER, PUNTED, PUNTER, PUPATE, PUPILS, PUPPED, PUPPET, PUREED, PUREES, PURELY, PUREST, PURGED, PURGER, PURGES, PURIFY, PURINE, PURISM, PURIST, PURITY, PURLED, PURPLE, PURPLY, PURRED, PURSED, PURSER, PURSES, PURSUE, PURVEY, PUSHED, PUSHER, PUSHES, PUSHUP, PUTOFF, PUTOUT, PUTRID, PUTTED, PUTTER, PUZZLE, PYLONS, PYLORI, PYRITE, PYTHON,

QUACKS, QUAHOG, QUAILS, QUAINT, QUAKED, QUAKER, QUAKES, QUALMS, QUALMY, QUANTI, QUARKS, QUARTE, QUARTO, QUARTS, QUARTZ, QUASAR, QUASER, QUATRE, QUAVER, QUEASY, QUEAZY, QUEENS, QUEERS, QUENCH, QUESTS, QUICHE, QUIETS, QUILLS, QUILTS, QUINIC, QUINTS, QUIRED, QUIRES, QUIRKS, QUIVER, QUORUM, QUOTAS, QUOTED, QUOTER, QUOTES,

RABBIT, RABBLE, RABIES, RACERS, RACIAL, RACIER, RACILY, RACING, RACKED, RACKER, RACKET, RACOON, RADDLE, RADIAL, RADIAN, RADIOS, RADISH, RADIUM, RADIUS, RADONS, RAFFLE, RAFTED, RAFTER, RAGBAG, RAGGED, RAGGLE, RAGING, RAGLAN, RAGMAN, RAGMEN, RAGOUT, RAGTAG, RAIDED, RAIDER, RAILED, RAILER, RAINED, RAISED, RAISER, RAISES, RAISIN, RAISON, RAKERS, RAKING, RAKISH, RAMBLE, RAMIES, RAMJET, RAMMED, RAMMER, RAMPED, RAMROD, RANCHO, RANCID, RANCOR, RANDOM, RANGED, RANGER, RANGES, RANKED, RANKER, RANKLE, RANKLY, RANSOM, RANTED, RANTER, RAPIDS, RAPIER, RAPINE, RAPPED, RAPPEL, RAPPER, RAPTER, RAPTLY, RAPTOR, RAREFY, RARELY, RAREST, RARIFY, RARING, RARITY, RASCAL, RASERS, RASHER, RASHES, RASHLY, RASING, RASPED, RASPER, RASSLE, RASTER, RATERS*, RATHER, RATIFY, RATING, RATION, RATIOS, RATTAN, RATTED, RATTER, RATTLE, RAVAGE, RAVELS, RAVENS, RAVERS, RAVINE, RAVING, RAVISH, RAWEST, RAWISH, RAYING, RAYONS, RAZING, RAZORS, RAZZED, RAZZLE, REACTS, READER, REALER, REALLY, REALMS, REALTY, REAMED, REAMER, REAPED, REAPER, REARED, REARER, REARMS, REASON, REAVED, REAVER, REAVES, REAVOW, REBAIT, REBATE, REBELS, REBIDS, REBILL, REBIND, REBOIL, REBOOT, REBORN, REBUFF, REBUKE, REBURY, REBUTS, RECALL, RECANE, RECANT, RECAPS, RECAST, RECEDE, RECENT, RECEPT, RECESS, RECIPE, RECITE, RECKON, RECLAD, RECODE, RECOIL, RECOIN, RECOMB, RECONS, RECOOK, RECOPY, RECORD, RECOUP, RECTAL, RECTOR, RECURS, RECUSE, REDACT, REDBUD, REDBUG, REDCAP, REDDED, REDDEN, REDDER, REDEEM, REDEYE, REDFIN, REDIAL, REDING, REDOES, REDONE, REDOUT, REDRAW, REDREW, REDUCE, REEDED, REEDIT, REEFED, REEKED, REEKER, REELED, REELER, REEVED, REEVES, REFERS, REFFED, REFILE, REFILL, REFILM, REFINE, REFIRE, REFITS, REFLEX, REFLOW, REFLUX, REFOLD, REFORM, REFUEL, REFUGE, REFUND, REFUSE, REFUTE, REGAIN, REGALE, REGARD, REGEAR, REGENT, REGGAE, REGILD, REGILT, REGIME, REGINA, REGION, REGLUE, REGNAL, REGRET, REGREW, REGROW, REHANG, REHASH, REHEAR, REHEAT, REHEEL, REHEMS, REHIRE, REHUNG, REIGNS, REINED, REJECT, REJOIN, RELATE, RELAYS, RELENT, RELETS, RELICS, RELIED, RELIEF, RELIES, RELINE, RELISH, RELIST, RELIVE, RELOAD, RELOAN, REMADE, REMAIL, REMAIN, REMAKE, REMAND, REMARK, REMEDY, REMELT, REMEND, REMIND, REMISS, REMITS, REMOLD, REMORA, REMOTE, REMOVE, RENAGE, RENAME, RENDED, RENDER, RENEGE, RENEWS, RENIGS, RENNET, RENNIN, RENOIR, RENOWN, RENTAL, RENTED, RENTER, REOPEN, REPACK, REPAID, REPAIR, REPASS, REPAST, REPAVE, REPAYS, REPEAL, REPEAT, REPELS, REPENT, REPINE, REPINS, REPLAN, REPLAY, REPLUM*, REPORT, REPOSE, REPPED, REPUTE, RERACK, REREAD, REROLL, RERUNS, RESALE, RESCUE, RESEAL, RESEAT, RESEED, RESELL, RESEND, RESENT, RESETS, RESHIP, RESIDE, RESIGN, RESINS, RESIST, RESIZE, RESOLD, RESOLE, RESORT, RESOWN, RESOWS, RESTED, RESTER, RESULT, RESUME, RETAIL, RETAIN, RETAKE, RETELL, RETEST, RETIED, RETIES, RETINA, RETIRE, RETOLD, RETOOK, RETOOL, RETORT, RETURN, RETYPE, REUSED, REUSES, REVAMP, REVEAL, REVELS, REVERB, REVERE, REVERS, REVERT, REVERY, REVIEW, REVILE, REVISE, REVIVE, REVOIR, REVOKE, REVOLT, REVOTE, REVVED, REWARD, REWARM, REWASH, REWELD, REWIND, REWIRE, REWORD, REWORK, REWOVE, REWRAP, REZONE, RHINOS, RHOMBI, RHYMED, RHYMER, RHYMES, RIBALD, RIBBED, RIBBER, RIBBON, RIBEYE, RIBLET, RIBOSE, RICERS, RICHER, RICHES, RICHLY, RICING, RICKED, RICKEY, RIDDED, RIDDEN, RIDDER, RIDDLE, RIDERS, RIDGED, RIDGES, RIDING, RIFELY, RIFEST, RIFFED, RIFFLE, RIFLED, RIFLER, RIFLES, RIFTED, RIGGED, RIGGER, RIGHTS, RIGHTY, RIGORS, RIGOUR, RILING, RILLED, RIMIER, RIMING, RIMMED, RIMMER, RINDED, RINGED, RINGER, RINSED, RINSER, RINSES, RIOTED, RIOTER, RIPELY, RIPENS, RIPEST, RIPING, RIPOFF, RIPOST, RIPPED, RIPPER, RIPPLE, RIPPLY, RIPSAW, RISERS, RISING, RISKED, RISKER, RISQUE, RITUAL, RIVALS, RIVERS, RIVETS, RIVING, ROADER, ROAMED, ROAMER, ROARED, ROARER, ROASTS, ROBBED, ROBBER, ROBING, ROBINS, ROBOTS, ROBUST, ROCKED, ROCKER, ROCKET, RODDED, RODDER, RODENT, RODEOS, RODMAN, RODMEN, ROGERS, ROGUED, ROGUES, ROILED, ROLLED, ROLLER, ROMANO, ROMANS, ROMPED, ROMPER, ROOFED, ROOFER, ROOKED, ROOKIE, ROOMED, ROOMER, ROOSTS, ROOTED, ROOTER, ROPERS, ROPERY, ROPIER, ROPILY, ROPING, ROSARY, ROSERY, ROSETS, ROSIER, ROSILY, ROSING, ROSTER, ROTARY, ROTATE, ROTORS, ROTTED, ROTTEN, ROTTER, ROTUND, ROUBLE, ROUGED, ROUGES, ROUGHS, ROUNDS, ROUSED, ROUSER, ROUSES, ROUTED, ROUTER, ROUTES, ROVERS, ROVING, ROWANS, ROWELS, ROWERS, ROWING, ROYALS, RUBATO, RUBBED, RUBBER, RUBBLE, RUBIED, RUBIER, RUBIES, RUBLES, RUBRIC, RUCKED, RUCKUS, RUDDER, RUDDLE, RUDELY, RUDEST, RUEFUL, RUFFED, RUFFLE, RUFFLY, RUGGED, RUGGER, RUINED, RUINER, RULERS, RULING, RUMBLE, RUMBLY, RUMMER, RUMORS, RUMOUR, RUMPLE, RUMPLY, RUNLET, RUNNER, RUNOFF, RUNOUT, RUNWAY, RUPEES, RUSHED, RUSHEE, RUSHER, RUSHES, RUSSET, RUSTED, RUSTIC, RUSTLE, RUTTED, 

SABERS, SABLES, SABRAS, SABRED, SACHEM, SACHET, SACKED, SACKER, SACRAL, SACRED, SACRUM, SADDEN, SADDER, SADDLE, SAFARI, SAFELY, SAFEST, SAFETY, SAGELY, SAGEST, SAGGED, SAGGER, SAGIER, SAILED, SAILER, SAILOR, SAINTS, SALADS, SALAMI, SALARY, SALINE, SALIVA, SALLOW, SALONS, SALOON, SALSAS, SALTED, SALTER, SALUTE, SALVED, SALVER, SALVIA, SAMBAS, SAMITE, SAMLET, SAMPLE, SANCTA, SANDAL, SANDED, SANDER, SANELY, SANEST, SANGER, SANITY, SAPPED, SAPPER, SARONG, SASHAY, SASHED, SASHES, SASSED, SATEEN, SATING, SATINS, SATINY, SATIRE, SATIVA, SATORI, SAUCED, SAUCER, SAUCES, SAUNAS, SAUTED, SAUTES, SAVAGE, SAVANT, SAVERS, SAVING, SAVIOR, SAVORS, SAVORY, SAVOUR, SAWERS, SAWFLY, SAWING, SAWYER, SAYERS, SAYEST, SAYING, SCABBY, SCALAR, SCALDS, SCALED, SCALER, SCALES, SCALPS, SCAMPI, SCAMPS, SCANTS, SCANTY, SCAPED, SCAPES, SCARAB, SCARCE, SCARED, SCARER, SCARES, SCAREY, SCARFS, SCARRY, SCATHE, SCENES, SCENIC, SCENTS, SCHEMA, SCHEME, SCHISM, SCHMOE, SCHOOL, SCIONS, SCLERA, SCONCE, SCONES, SCOOTS, SCOPED, SCOPES, SCORCH, SCORED, SCORER, SCORES, SCORNS, SCOTCH, SCOURS, SCOUTS, SCOWLS, SCRAMS, SCRAPE, SCRAPS, SCRAWL, SCRAWS, SCREAM, SCREED, SCREEN, SCREWS, SCREWY, SCRIBE, SCRIMP, SCRIPT, SCROLL, SCRUBS, SCRUFF, SCUBAS, SCUFFS, SCULPT, SCURRY, SCYTHE, SEABAG, SEABED, SEADOG, SEALED, SEALER, SEAMAN, SEAMED, SEAMER, SEANCE, SEARCH, SEARED, SEARER, SEASON, SEATED, SEATER, SEAWAY, SECEDE, SECOND, SECRET, SECTOR, SECURE, SEDANS, SEDATE, SEDUCE, SEEDED, SEEDER, SEEING, SEEKER, SEEMED, SEEMER, SEEMLY, SEEPED, SEESAW, SEETHE, SEGUED, SEGUES, SEIZED, SEIZER, SEIZES, SELDOM, SELECT, SELFED, SELLER, SELVES, SENATE, SENDEE, SENDER, SENDUP, SENECA, SENILE, SENIOR, SENORA, SENSED, SENSEI, SENSES, SENSOR, SENTRY, SEPIAS, SEPSIS, SEPTAL, SEPTET, SEPTIC, SEPTUM, SEQUEL, SEQUIN, SERAPE, SERAPH, SERENE, SERIAL, SERIES, SERIFS, SERMON, SERUMS, SERVAL, SERVED, SERVER, SERVES, SESAME, SETOFF, SETOUT, SETTEE, SETTER, SETTLE, SETUPS, SETVIA, SEVENS, SEVERE, SEVERS, SEWAGE, SEWERS, SEWING, SEXTAN, SEXTET, SEXTON, SHABBY, SHACKS, SHADED, SHADER, SHADES, SHADOW, SHAKEN, SHAKER, SHAKES, SHALED, SHALES, SHAMAN, SHAMED, SHAMES, SHAMMY, SHANKS, SHANTY, SHAPED, SHAPER, SHAPES, SHARDS, SHARED, SHARER, SHARES, SHARKS, SHARPS, SHARPY, SHAVED, SHAVEN, SHAVER, SHAVES, SHAWLS, SHEARS, SHEATH, SHEAVE, SHEENS, SHEETS, SHEIKS, SHELLS, SHELVE, SHERPA, SHIELD, SHIERS, SHIEST, SHIFTS, SHIFTY, SHIMMY, SHINED, SHINER, SHINES, SHIRES, SHIRKS, SHIRTS, SHIRTY, SHIVER, SHOALY, SHODDY, SHOERS, SHOGUN, SHOOED, SHOOTS, SHOPPE, SHORED, SHORES, SHORTS, SHORTY, SHOULD, SHOUTS, SHOVED, SHOVEL, SHOVER, SHOVES, SHOWED, SHOWER, SHOWUP, SHRANK, SHREDS, SHREWD, SHREWS, SHRIEK, SHRIFT, SHRIKE, SHRILL, SHRIMP, SHRINE, SHRINK, SHROUD, SHRUBS, SHRUGS, SHRUNK, SHUCKS, SHUTED, SHUTES, SHYEST, SHYING, SICKED, SICKEN, SICKER, SICKLE, SICKLY, SIDING, SIDLED, SIDLER, SIDLES, SIEGED, SIEGES, SIERRA, SIESTA, SIEVED, SIEVES, SIFTED, SIFTER, SIGHED, SIGHER, SIGMAS, SIGNAL, SIGNED, SIGNEE, SIGNER, SIGNET, SIGNOR, SIGNUP, SILAGE, SILENT, SILICA, SILKED, SILKEN, SILOED, SILTED, SILVER, SIMIAN, SIMILE, SIMMER, SIMPER, SIMPLE, SIMPLY, SINEWS, SINEWY, SINFUL, SINGED, SINGER, SINGES, SINGLE, SINGLY, SINKER, SINNED, SINNER, SINTER, SIPHON, SIPPED, SIPPER, SIRENS, SIRREE, SISTER, SITCOM, SITING, SITTER, SIXING, SIXTHS, SIZERS, SIZING, SIZZLE, SKATED, SKATER, SKATES, SKEINS, SKEWED, SKEWER, SKIERS, SKIING, SKIMPS, SKIMPY, SKINKS, SKINNY, SKUNKS, SKUNKY, SKYBOX, SKYCAP, SKYING, SKYLAB, SKYLIT, SKYMAN, SKYMEN, SKYWAY, SLACKS, SLAGGY, SLALOM, SLANGS, SLANGY, SLANTS, SLANTY, SLATED, SLATER, SLATES, SLAVED, SLAVER, SLAVEY, SLAYED, SLAYER, SLEAVE, SLEAZE, SLEAZY, SLEDGE, SLEEPS, SLEEPY, SLEETS, SLEETY, SLEEVE, SLEIGH, SLEUTH, SLEWED, SLICED, SLICER, SLICES, SLICKS, SLIDER, SLIDES, SLIEST, SLIGHT, SLIMED, SLIMES, SLINGS, SLINKS, SLINKY, SLIPPY, SLIPUP, SLIVER, SLOBBY, SLOGAN, SLOOPS, SLOPED, SLOPER, SLOPES, SLOPPY, SLOSHY, SLOTHS, SLOUCH, SLOUGH, SLOWED, SLOWER, SLOWLY, SLUDGE, SLUICE, SLUING, SLUMMY, SLUMPS, SLURPS, SLUSHY, SLYEST, SMACKS, SMALLS, SMARMY, SMARTS, SMARTY, SMEARS, SMEARY, SMELLS, SMELLY, SMELTS, SMILED, SMILER, SMILES, SMIRKS, SMIRKY, SMITER, SMITES, SMITHY, SMOGGY, SMOKED, SMOKER, SMOKES, SMOKEY, SMOOCH, SMOOTH, SMUDGE, SMUDGY, SNAFUS, SNAGGY, SNAILS, SNAKED, SNAKES, SNAPPY, SNARED, SNARER, SNARES, SNARKS, SNARKY, SNARLS, SNARLY, SNAZZY, SNEAKS, SNEAKY, SNEERS, SNEEZY, SNIDER, SNIFFS, SNIFFY, SNIPED, SNIPER, SNIPES, SNIPPY, SNITCH, SNIVEL, SNOBBY, SNOOPS, SNOOPY, SNOOTS, SNOOTY, SNOOZE, SNOOZY, SNORED, SNORER, SNORES, SNORTS, SNOUTS, SNOWED, SNUGLY, SOAKED, SOAKER, SOAPED, SOAPER, SOARED, SOARER, SOBBED, SOBBER, SOBEIT, SOBERS, SOBFUL, SOCCER, SOCIAL, SOCKED, SOCKET, SODDED, SODDEN, SODIUM, SOEVER, SOFFIT, SOFTEN, SOFTER, SOFTIE, SOGGED, SOILED, SOLACE, SOLDER, SOLELY, SOLEMN, SOLIDS, SOLING, SOLOED, SOLUTE, SOLVED, SOLVER, SOLVES, SOMBER, SOMBRE, SONARS, SONATA, SONICS, SONNET, SOONER, SOOTED, SOOTHE, SOPPED, SORBET, SORDID, SORELY, SOREST, SORROW, SORTED, SORTER, SORTIE, SOTTED, SOUGHT, SOULED, SOUNDS, SOUPED, SOURCE, SOURED, SOURER, SOURLY, SOVIET, SOWERS, SOWING, SPACED, SPACER, SPACES, SPADED, SPADER, SPADES, SPANKS, SPARED, SPARER, SPARES, SPARKY, SPARRY, SPARSE, SPASMS, SPATES, SPAWNS, SPAYED, SPEAKS, SPEARS, SPECKS, SPEECH, SPEEDS, SPEEDY, SPELLS, SPENDS, SPEWED, SPEWER, SPHERE, SPHINX, SPICED, SPICER, SPICES, SPICEY, SPIDER, SPIELS, SPIERS, SPIFFY, SPIGOT, SPIKED, SPIKER, SPIKES, SPILLS, SPINAL, SPINED, SPINEL, SPINES, SPINET, SPINNY, SPIRAL, SPIRED, SPIRES, SPIRIT, SPITED, SPITES, SPLASH, SPLATS, SPLAYS, SPLEEN, SPLICE, SPLINE, SPLINT, SPLITS, SPLOSH, SPOILS, SPOILT, SPOKED, SPOKEN, SPONGE, SPONGY, SPOOFS, SPOOKY, SPOOLS, SPOONS, SPOONY, SPORED, SPORES, SPORTS, SPORTY, SPOTTY, SPOUSE, SPOUTS, SPRAIN, SPRANG, SPRATS, SPRAWL, SPRAYS, SPREAD, SPREES, SPRIER, SPRIGS, SPRING, SPRINT, SPRITE, SPRITS, SPRITZ, SPROUT, SPRUCE, SPRUCY, SPRUNG, SPRYER, SPRYLY, SPUNKS, SPUNKY, SPURGE, SPURNS, SPURTS, SPYING, SQUALL, SQUARE, SQUASH, SQUATS, SQUAWK, SQUEAK, SQUEAL, SQUIBS, SQUINT, SQUIRE, SQUIRM, SQUIRT, SQUISH, STABLE, STABLY, STADIA, STAFFS, STAGED, STAGER, STAGES, STAGEY, STAINS, STAIRS, STAKED, STAKES, STALED, STALER, STALES, STALKS, STALKY, STALLS, STAMEN, STAMPS, STANCE, STANCH, STANDS, STANZA, STAPLE, STARCH, STARED, STARER, STARES, STARRY, STARTS, STARVE, STASES, STASIS, STATED, STATER, STATES, STATIC, STATOR, STATUE, STATUS, STAVED, STAVES, STAYED, STAYER, STEADS, STEADY, STEAKS, STEALS, STEAMS, STEAMY, STEEDS, STEELS, STEELY, STEEPS, STEERS, STEEVE, STEMMY, STENCH, STEPPE, STEPUP, STEREO, STERNA, STEVIA, STEWED, STICKS, STICKY, STIFFS, STIFLE, STIGMA, STILES, STILTS, STINGS, STINGY, STINGO, STINKO, STINKY, STINTS, STITCH, STOATS, STOCKS, STOCKY, STODGE, STOGIE, STOKED, STOKER, STOKES, STOLEN, STOLID, STOMPS, STONED, STONES, STONEY, STOOGE, STOOLS, STOOPS, STORED, STORES, STOREY, STORKS, STORMS, STORMY, STOUTS, STOVER, STOVES, STOWED, STRAFE, STRAIN, STRAIT, STRAND, STRAPS, STRATA, STRATE, STRAWS, STRAWY, STRAYS, STREAK, STREAM, STREET, STREPS, STRESS, STREWN, STRIAE, STRICT, STRIDE, STRIFE, STRIKE, STRING, STRIPE, STRIPS, STRIPY, STRIVE, STROBE, STRODE, STROKE, STROLL, STRONG, STROPS, STROVE, STRUCK, STRUMS, STRUNG, STRUTS, STUBBY, STUCCO, STUDIO, STUDLY, STUMPS, STUMPY, STUNTS, STUPID, STUPOR, STURDY, STYLES, STYMIE, SUABLY, SUBBED, SUBDUE, SUBLET, SUBMIT, SUBPAR, SUBSET, SUBTLE, SUBTLY, SUBURB, SUBWAY, SUCCOR, SUCKED, SUCKER, SUCKLE, SUDDEN, SUDSED, SUDSER, SUEDED, SUEDES, SUFFER, SUGARS, SUGARY, SUITED, SUITES, SUITOR, SULFUR, SULKED, SULKER, SULLEN, SULTAN, SULTRY, SUMMED, SUMMER, SUMMIT, SUMMON, SUNDAE, SUNBOW, SUNDER, SUNDEW, SUNDOG, SUNDRY, SUNLIT, SUNNED, SUNSET, SUNTAN, SUPERB, SUPERS, SUPINE, SUPPED, SUPPER, SUPPLE, SUPPLY, SURELY, SUREST, SURETY, SURFED, SURFER, SURGED, SURGER, SURGES, SURREY, SURTAX, SURVEY, SUSSED, SUTRAS, SUTURE, SWAGED, SWAMPS, SWAMPY, SWANKS, SWANKY, SWARMS, SWARTH, SWATCH, SWATHE, SWAYED, SWAYER, SWEARS, SWEATS, SWEEPS, SWEEPY, SWEETS, SWELLS, SWERVE, SWIFTS, SWILLS, SWINGE, SWINGS, SWINGY, SWIPED, SWIPES, SWIRLY, SWISHY, SWITCH, SWIVEL, SWIVET, SWOONS, SWOOPY, SWOOSH, SYLPHS, SYMBOL, SYNCED, SYNTAX, SYPHON, SYRUPS, SYRUPY, SYSTEM, 

TABBED, TABLED, TABLES, TABLET, TABOOS, TACKED, TACKER, TACKEY, TACKLE, TACTIC, TAGGED, TAGGER, TAHINI, TAILED, TAILER, TAILOR, TAINTS, TAKERS, TAKING, TALCED, TALCKY, TALCUM, TALENT, TALERS, TALKED, TALKER, TALKIE, TALLER, TALLOW, TALONS, TAMALE, TAMELY, TAMERS, TAMEST, TAMING, TAMPED, TAMPER, TANDEM, TANGED, TANGLE, TANGLY, TANGOS, TANKED, TANKER, TANNED, TANNER, TANTRA, TAPERS, TAPING, TAPIRS, TAPPED, TAPPER, TARIFF, TARING, TARMAC, TARNAL, TAROTS, TARPON, TARRED, TARSAL, TARSUS, TARTAN, TARTAR, TARTED, TARTER, TARTLY, TASERS, TASKED, TASSEL, TASTED, TASTER, TASTES, TATAMI, TATERS, TATTED, TATTER, TATTLE, TATTOO, TAUGHT, TAUNTS, TAUPES, TAUTEN, TAUTER, TAVERN, TAWERS, TAWING, TAXERS, TAXIED, TAXING, TAXMAN, TEABAG, TEACUP, TEAMED, TEAMER, TEAPOT, TEARED, TEARER, TEASED, TEASEL, TEASER, TEASES, TEATED, TECHIE, TECHNO, TEDIUM, TEEING, TEEMED, TEEMER, TEENER, TEENSY, TEEPEE, TEETER, TEETHE, TELLER, TEMPER, TEMPLE, TEMPOS, TEMPTS, TENANT, TENDED, TENDER, TENDON, TENETS, TENNER, TENNIS, TENORS, TENSED, TENSER, TENSES, TENSOR, TENTED, TENTER, TENTHS, TENURE, TERCEL, TERMED, TERMER, TERMLY, TERRAS, TERROR, TERSER, TESLAS, TESTED, TESTEE, TESTER, TETANY, TETHER, TETRAD, TETRAS, TETRYL, THANKS, THATCH, THAWED, THEIRS, THEISM, THEIST, THEMED, THEMES, THENCE, THEORY, THERES, THESES, THESIS, THICKS, THIEVE, THIGHS, THINGS, THINKS, THINLY, THIRDS, THIRST, THIRTY, THONGS, THORAX, THORNS, THORNY, THORPE, THOUED, THOUGH, THRALL, THRASH, THREAD, THREAT, THREES, THRESH, THRICE, THRIFT, THRILL, THRIVE, THROAT, THROBS, THROES, THRONE, THRONG, THROVE, THROWS, THRUSH, THRUST, THUMBS, THUSLY, THWACK, THWART, THYMES, THYMEY, THYMOL, TIARAS, TIBIAE, TIBIAL, TICKED, TICKER, TICKET, TICKLE, TICTAC, TIDBIT, TIDIED, TIDIER, TIDIES, TIDILY, TIDING, TIEING, TIERED, TIFFED, TIFFIN, TIGERS, TIGHTS, TILDES, TILERS, TILING, TILLED, TILLER, TILTED, TILTER, TIMBAL, TIMBER, TIMBRE, TIMELY, TIMERS, TIMING, TINDER, TINGED, TINGES, TINGLE, TINGLY, TINIER, TINING, TINKER, TINKLE, TINKLY, TINMAN, TINMEN, TINNED, TINNER, TINSEL, TINTED, TINTER, TIPOFF, TIPPED, TIPPER, TIPTOE, TIPTOP, TIRADE, TIRING, TISSUE, TITANS, TITHED, TITHER, TITHES, TITLED, TITLES, TITTER, TOASTS, TOASTY, TODDLE, TOECAP, TOEING, TOFFEE, TOGGLE, TOILED, TOILER, TOILET, TOITED, TOKENS, TOKING, TOLLED, TOLLER, TOMATO, TOMBED, TOMBOU, TONERS, TONGED, TONGER, TONGUE, TONICS, TONIER, TONING, TONNER, TONSIL, TOOLED, TOOLER, TOOTED, TOOTER, TOOTHY, TOOTLE, TOPERS, TOPICS, TOPING, TOPPED, TOPPER, TOPPLE, TORPID, TORQUE, TORRID, TORSOS, TOSSED, TOSSER, TOSSES, TOSSUP, TOTALS, TOTEMS, TOTERS, TOTING, TOTTED, TOTTER, TOUCAN, TOUCHE, TOUGHS, TOUGHY, TOUPEE, TOURED, TOURER, TOUSLE, TOUTED, TOUTER, TOWAGE, TOWARD, TOWELS, TOWERS, TOWERY, TOWING, TOWNIE, TOXIFY, TOXINS, TOYERS, TOYING, TRACED, TRACER, TRACES, TRACTS, TRADED, TRADER, TRADES, TRAGIC, TRAILS, TRAINS, TRAITS, TRAMPS, TRANCE, TRAUMA, TRAVEL, TREADS, TREATS, TREATY, TREBLE, TREBLY, TREMOR, TRENCH, TRENDS, TRENDY, TREPAN, TREPID, TRIADS, TRIAGE, TRIALS, TRIBAL, TRIBES, TRICED, TRICEP, TRICES, TRICKS, TRICKY, TRICOT, TRIERS, TRIFLE, TRIGON, TRIODE, TRIPES, TRIPLE, TRIPOD, TRIPPY, TRITON, TRIUNE, TRIVET, TRIVIA, TROLLS, TROLLY, TROMPE, TROMPS, TROPES, TROPHY, TROPIC, TROPIN, TROUGH, TROUPE, TROUTS, TROUTY, TROVER, TROVES, TROWED, TROWEL, TRUANT, TRUCED, TRUCES, TRUCKS, TRUDGE, TRUEST, TRUING, TRUISM, TRUMPS, TRUNKS, TRUSTS, TRUSTY, TRUTHS, TRYING, TRYOUT, TSKING, TUBBED, TUBBER, TUBERS, TUBFUL, TUBING, TUBULE, TUCKED, TUCKER, TUFFET, TUFTED, TUGGER, TULIPS, TUMBLE, TUMORS, TUMOUR, TUNDRA, TUNERS, TUNEUP, TUNICS, TUNING, TUNNED, TUNNEL, TUPPED, TURBAN, TURBID, TURBOS, TUREEN, TURFED, TURGID, TURKEY, TURNED, TURNER, TURNIP, TURNUP, TURRET, TURTLE, TUSCHE, TUSHED, TUSKED, TUSKER, TUSSLE, TUTORS, TWANGS, TWANGY, TWEAKS, TWEAKY, TWEEDS, TWEEDY, TWEETS, TWEEZE, TWELVE, TWENTY, TWERPS, TWIGGY, TWILIT, TWINED, TWINER, TWINGE, TWIRLS, TWIRLY, TWISTY, TWITCH, TWOFER, TYCOON, TYMPAN, TYPIER, TYPHUS, TYPING, TYPIST, TYRANT,

UDDERS, UGLIER, ULCERS, ULTIMA, ULTIMO, UMBELS, UMBLES, UMBRAE, UMLAUT, UMPING, UMPIRE, UNABLE, UNAGED, UNAWED, UNBEAR, UNBEND, UNBENT, UNBIND, UNBOLT, UNBORN, UNBRED, UNCAGE, UNCASE, UNCLAD, UNCLES, UNCLIP, UNCLOG, UNCOIL, UNCOOL, UNCORK, UNCURL, UNDEAD, UNDIES, UNDINE, UNDOER, UNDOES, UNDONE, UNEASE, UNEASY, UNEVEN, UNFAIR, UNFELT, UNFOLD, UNFREE, UNFURL, UNGLUE, UNHAND, UNHELM, UNHOLY, UNHOOK, UNHUNG, UNHURT, UNIONS, UNIQUE, UNISEX, UNISON, UNITED, UNITER, UNITES, UNKEPT, UNKIND, UNKNOT, UNLACE, UNLESS, UNLIKE, UNLINK, UNLOAD, UNLOCK, UNMADE, UNMAKE, UNMASK, UNMOLD, UNMOWN, UNPACK, UNPAID, UNPILE, UNPINS, UNPLUG, UNREAD, UNREAL, UNREEL, UNREST, UNRIPE, UNROBE, UNROLL, UNROOF, UNRULE, UNRULY, UNSAFE, UNSAID, UNSEAL, UNSEAT, UNSEEN, UNSENT, UNSHED, UNSHIP, UNSHOD, UNSHUT, UNSNAP, UNSOLD, UNSTOP, UNSUNG, UNSURE, UNTIDY, UNTIED, UNTIES, UNTOLD, UNTROD, UNTRUE, UNUSED, UNVEIL, UNWARY, UNWELL, UNWEPT, UNWIND, UNWISE, UNWORN, UNWOVE, UNWRAP, UNZIPS, UPBEAT, UPDATE, UPENDS, UPHELD, UPHILL, UPHOLD, UPKEEP, UPLAND, UPLIFT, UPLINK, UPLOAD, UPPERS, UPPING, UPPITY, UPREAR, UPRISE, UPROAR, UPROOT, UPROSE, UPSETS, UPSHOT, UPSIDE, UPTAKE, UPTIME, UPTOWN, UPTURN, UPWARD, UPWIND, URBANE, URCHIN, UREMIA, UREMIC, URETER, URETIC, URGENT, URGERS, URGING, URINAL, URINES, URSINE, USABLE, USABLY, USAGES, USEFUL, USHERS, USURER, USURPS, UTERUS, UTOPIA, UTTERS, UVULAE, UVULAR, 

VACANT, VACATE, VACUUM, VAGARY, VAGUER, VAINER, VAINLY, VALETS, VALISE, VALLEY, VALOUR, VALUED, VALUER, VALUES, VALVED, VALVES, VAMPED, VAMPER, VANDAL, VANISH, VANITY, VAPORS, VAPORY, VAPOUR, VARIED, VARIER, VARIES, VARLET, VASSAL, VASTER, VASTLY, VATFUL, VATTED, VAULTS, VAULTY, VAUNTY, VECTOR, VEERED, VEGANS, VEILED, VEILER, VEINAL, VEINED, VEINER, VELLUM, VELOUR, VELURE, VELVET, VENDED, VENDER, VENDOR, VENEER, VENGED, VENIAL, VENTED, VENTER, VERBAL, VERGED, VERGER, VERGES, VERIER, VERIFY, VERILY, VERITE, VERMIN, VERNAL, VERSAL, VERSED, VERSER, VERSES, VERSUS, VERTEX, VESPER, VESSEL, VESTAL, VESTED, VESTEE, VESTRY, VETOED, VETOER, VETOES, VETTED, VEXERS, VEXING, VIABLE, VIABLY, VIALED, VICARS, VICING, VICTIM, VICTOR, VIDEOS, VIEWED, VIEWER, VIGOUR, VIKING, VILELY, VILEST, VILLAS, VINEAL, VINERY, VINING, VINYLS, VIOLET, VIOLIN, VIPERS, VIRGIN, VIRILE, VIRTUE, VISAED, VISAGE, VISING, VISION, VISITS, VISORS, VISTAS, VISUAL, VITALS, VIVACE, VIVANT, VIZARD, VIZIER, VOCALS, VOICED, VOICER, VOICES, VOIDED, VOIDER, VOLLEY, VOLUME, VOLUTE, VOMITS, VORTEX, VOTARY, VOTERS, VOTING, VOTIVE, VOWELS, VOWERS, VOYAGE, VULGAR, 

WADDED, WADDER, WADDLE, WADERS, WADING, WAFERS, WAFERY, WAFFLE, WAFTED, WAGERS, WAGGED, WAGGER, WAGGLE, WAGING, WAGONS, WAILED, WAILER, WAISTS, WAITED, WAITER, WAIVED, WAIVER, WAIVES, WAKENS, WAKERS, WAKEUP, WAKING, WALING, WALKED, WALKER, WALKUP, WALLED, WALLET, WALLOP, WALNUT, WALRUS, WAMPUM, WANDER, WANGLE, WANING, WANTED, WANTER, WANTON, WARBLE, WARDED, WARDEN, WARDER, WARIER, WARILY, WARING, WARMED, WARMER, WARMLY, WARMTH, WARMUP, WARNED, WARNER, WARPED, WARPER, WARRED, WARREN, WARTED, WASHED, WASHER, WASHES, WASTED, WASTER, WASTES, WASTIE*, WATERS, WATERY, WATTLE, WAVERS, WAVERY, WAVIER, WAVILY, WAVING, WAXERS, WAXIER, WAXILY, WAXING, WAYLAY, WEAKEN, WEAKER, WEAKLY, WEALTH, WEANED, WEANER, WEAPON, WEARER, WEASEL, WEAVED, WEAVER, WEAVES, WEBBED, WEDDED, WEDDER, WEDGED, WEDGES, WEDGIE, WEEDED, WEEDER, WEEKLY, WEENED, WEEPER, WEEVIL, WEIGHS, WEIGHT, WEIRDO, WEIRDS, WEIRDY, WELDED, WELDER, WELLED, WELTED, WELTER, WENDED, WETHER, WETTED, WETTER, WHACKS, WHACKY, WHALED, WHALER, WHALES, WHAMMY, WHARFS, WHEATS, WHEELS, WHEEZE, WHEEZY, WHENCE, WHILED, WHILST, WHIMSY, WHINED, WHINER, WHINES, WHINEY, WHIPPY, WHIRLS, WHIRLY, WHIRRS, WHIRRY, WHISHT, WHISKS, WHISKY, WHITED, WHITEN, WHITER, WHITES, WHOLLY, WHOMPS, WHOMSO, WICKED, WICKER, WICKET, WIDDLE, WIDELY, WIDENS, WIDEST, WIDGET, WIDOWS, WIDTHS, WIELDS, WIELDY, WIFELY, WIGEON, WIGGED, WIGGLE, WIGGLY, WILDER, WILDLY, WILIER, WILING, WILLED, WILLER, WILLOW, WILTED, WIMPLE, WINCER, WINCES, WINDED, WINDER, WINDOW, WINDUP, WINERY, WINGED, WINING, WINKED, WINKER, WINKLE, WINNED, WINNER, WINNOW, WINTER, WINTRY, WIPERS, WIPING, WIRERS, WIRING, WISDOM, WISELY, WISEST, WISHED, WISHER, WISHES, WISING, WISPED, WITCHY, WITHED, WITHER, WITHES, WITHIN, WITTED, WITTER, WIVERN, WIZARD, WOBBLE, WOBBLY, WOEFUL, WOLFED, WOLFER, WOLVER, WOLVES, WOMBAT, WOMBED, WONDER, WONTON, WOODED, WOODEN, WOODSY, WOOFED, WOOFER, WOOING, WOOLED, WOOLEN, WOOLER, WOOLLY, WORDED, WORKED, WORKER, WORKUP, WORLDS, WORMED, WORMER, WORSEN, WORSES, WORTHS, WORTHY, WOUNDS, WOWING, WOWSER, WRAITH, WRATHS, WRATHY, WREAKS, WREATH, WRECKS, WRENCH, WRETCH, WRIEST, WRIGHT, WRINGS, WRISTS, WRITER, WRITES, WRITHE, WRONGS, WRYEST, WRYING, WYVERN, 

YABBER, YACHTS, YACKED, YAKKED, YAMMER, YANKED, YAPPED, YAPPER, YARNED, YARROW, YAWING, YAWLED, YAWNED, YAWNER, YEARLY, YEARNS, YEASTS, YEASTY, YELLED, YELLER, YELLOW, YELPED, YELPER, YENNED, YESSED, YIELDS, YIPPEE, YODELS, YODLED, YODLER, YOGURT, YOKING, YONDER, YOUTHS, YOWING, YOWLED, YOWLER, YUPPIE, 

ZAGGED, ZANILY, ZAPPED, ZAPPER, ZEALOT, ZEBRAS, ZENITH, ZEPHYR, ZEROED, ZEROES, ZESTED, ZESTER, ZIGGED, ZIGZAG, ZINCED, ZINCKY, ZINGED, ZINGER, ZIPPED, ZIPPER, ZIRCON, ZIZZLE, ZODIAC, ZOMBIE, ZONERS, ZONKED, ZOOMED, ZYGOTE,
